Peptide Sequence,Protein Name,Replicate Name,Precursor Mz,Precursor Charge,Product Mz,Product Charge,Fragment Ion,Retention Time,Area,Background,Peak Rank
IDPVNGQITTIAVLDR,N-CAD,B15-02014_1:625,862.980701,2,1300.72194,1,y12,72.04,17366,53,4
IDPVNGQITTIAVLDR,N-CAD,B15-02015_1:625,862.980701,2,1300.72194,1,y12,71.63,16056,52,4
IDPVNGQITTIAVLDR,N-CAD,B15-02016_1:125,862.980701,2,1300.72194,1,y12,71.22,18379,49,5
IDPVNGQITTIAVLDR,N-CAD,B15-02017_1:125,862.980701,2,1300.72194,1,y12,71.77,14018,55,5
IDPVNGQITTIAVLDR,N-CAD,B15-02019_1:25,862.980701,2,1300.72194,1,y12,71.56,22519,465,4
IDPVNGQITTIAVLDR,N-CAD,B15-02020_1:25,862.980701,2,1300.72194,1,y12,71.36,15642,268,3
IDPVNGQITTIAVLDR,N-CAD,B15-02021_1:5,862.980701,2,1300.72194,1,y12,70.68,14379,52,4
IDPVNGQITTIAVLDR,N-CAD,B15-02022_1:5,862.980701,2,1300.72194,1,y12,70.88,19903,50,3
IDPVNGQITTIAVLDR,N-CAD,B15-02023_1:1,862.980701,2,1300.72194,1,y12,68.71,12584,405,4
IDPVNGQITTIAVLDR,N-CAD,B15-02024_1:1,862.980701,2,1300.72194,1,y12,68.37,16792,52,3
IDPVNGQITTIAVLDR,N-CAD,B15-02092_WB_GFPl,862.980701,2,1300.72194,1,y12,71.7,632,51,5
IDPVNGQITTIAVLDR,N-CAD,B15-02093_WB_GFPl,862.980701,2,1300.72194,1,y12,71.77,334,51,4
IDPVNGQITTIAVLDR,N-CAD,B15-02094_WB_GFPl,862.980701,2,1300.72194,1,y12,71.77,1612,49,5
IDPVNGQITTIAVLDR,N-CAD,B15-02014_1:625,862.980701,2,1001.598972,1,y9,72.04,21522,733,3
IDPVNGQITTIAVLDR,N-CAD,B15-02015_1:625,862.980701,2,1001.598972,1,y9,71.77,17598,812,3
IDPVNGQITTIAVLDR,N-CAD,B15-02016_1:125,862.980701,2,1001.598972,1,y9,71.36,20939,49,3
IDPVNGQITTIAVLDR,N-CAD,B15-02017_1:125,862.980701,2,1001.598972,1,y9,71.7,18468,1165,3
IDPVNGQITTIAVLDR,N-CAD,B15-02019_1:25,862.980701,2,1001.598972,1,y9,71.63,25940,357,3
IDPVNGQITTIAVLDR,N-CAD,B15-02020_1:25,862.980701,2,1001.598972,1,y9,71.36,15183,481,4
IDPVNGQITTIAVLDR,N-CAD,B15-02021_1:5,862.980701,2,1001.598972,1,y9,70.68,13528,1884,5
IDPVNGQITTIAVLDR,N-CAD,B15-02022_1:5,862.980701,2,1001.598972,1,y9,70.75,15268,2793,5
IDPVNGQITTIAVLDR,N-CAD,B15-02023_1:1,862.980701,2,1001.598972,1,y9,68.71,13394,49,3
IDPVNGQITTIAVLDR,N-CAD,B15-02024_1:1,862.980701,2,1001.598972,1,y9,68.16,14352,72,5
IDPVNGQITTIAVLDR,N-CAD,B15-02092_WB_GFPl,862.980701,2,1001.598972,1,y9,71.7,815,1845,4
IDPVNGQITTIAVLDR,N-CAD,B15-02093_WB_GFPl,862.980701,2,1001.598972,1,y9,71.29,1513,1493,3
IDPVNGQITTIAVLDR,N-CAD,B15-02094_WB_GFPl,862.980701,2,1001.598972,1,y9,71.77,3741,354,3
IDPVNGQITTIAVLDR,N-CAD,B15-02014_1:625,862.980701,2,888.514908,1,y8,71.9,29887,55,2
IDPVNGQITTIAVLDR,N-CAD,B15-02015_1:625,862.980701,2,888.514908,1,y8,71.7,29751,250,2
IDPVNGQITTIAVLDR,N-CAD,B15-02016_1:125,862.980701,2,888.514908,1,y8,71.29,28073,2507,2
IDPVNGQITTIAVLDR,N-CAD,B15-02017_1:125,862.980701,2,888.514908,1,y8,71.63,32240,273,2
IDPVNGQITTIAVLDR,N-CAD,B15-02019_1:25,862.980701,2,888.514908,1,y8,71.5,32122,171,2
IDPVNGQITTIAVLDR,N-CAD,B15-02020_1:25,862.980701,2,888.514908,1,y8,71.5,26552,198,2
IDPVNGQITTIAVLDR,N-CAD,B15-02021_1:5,862.980701,2,888.514908,1,y8,70.88,22189,56,2
IDPVNGQITTIAVLDR,N-CAD,B15-02022_1:5,862.980701,2,888.514908,1,y8,70.75,28013,123,2
IDPVNGQITTIAVLDR,N-CAD,B15-02023_1:1,862.980701,2,888.514908,1,y8,68.71,21652,54,2
IDPVNGQITTIAVLDR,N-CAD,B15-02024_1:1,862.980701,2,888.514908,1,y8,68.37,23943,66,2
IDPVNGQITTIAVLDR,N-CAD,B15-02092_WB_GFPl,862.980701,2,888.514908,1,y8,71.77,1183,1198,2
IDPVNGQITTIAVLDR,N-CAD,B15-02093_WB_GFPl,862.980701,2,888.514908,1,y8,71.77,1589,55,2
IDPVNGQITTIAVLDR,N-CAD,B15-02094_WB_GFPl,862.980701,2,888.514908,1,y8,71.77,5145,51,2
IDPVNGQITTIAVLDR,N-CAD,B15-02014_1:625,862.980701,2,573.335487,1,y5,72.04,17147,65,5
IDPVNGQITTIAVLDR,N-CAD,B15-02015_1:625,862.980701,2,573.335487,1,y5,71.63,14946,55,5
IDPVNGQITTIAVLDR,N-CAD,B15-02016_1:125,862.980701,2,573.335487,1,y5,71.43,19805,53,4
IDPVNGQITTIAVLDR,N-CAD,B15-02017_1:125,862.980701,2,573.335487,1,y5,71.5,18016,237,4
IDPVNGQITTIAVLDR,N-CAD,B15-02019_1:25,862.980701,2,573.335487,1,y5,71.5,19366,90,5
IDPVNGQITTIAVLDR,N-CAD,B15-02020_1:25,862.980701,2,573.335487,1,y5,71.43,14551,6451,5
IDPVNGQITTIAVLDR,N-CAD,B15-02021_1:5,862.980701,2,573.335487,1,y5,70.75,16634,197,3
IDPVNGQITTIAVLDR,N-CAD,B15-02022_1:5,862.980701,2,573.335487,1,y5,70.68,19593,66,4
IDPVNGQITTIAVLDR,N-CAD,B15-02023_1:1,862.980701,2,573.335487,1,y5,68.57,6005,6514,5
IDPVNGQITTIAVLDR,N-CAD,B15-02024_1:1,862.980701,2,573.335487,1,y5,68.37,14785,60,4
IDPVNGQITTIAVLDR,N-CAD,B15-02092_WB_GFPl,862.980701,2,573.335487,1,y5,71.43,1068,55,3
IDPVNGQITTIAVLDR,N-CAD,B15-02093_WB_GFPl,862.980701,2,573.335487,1,y5,71.16,293,55,5
IDPVNGQITTIAVLDR,N-CAD,B15-02094_WB_GFPl,862.980701,2,573.335487,1,y5,71.77,2905,74,4
IDPVNGQITTIAVLDR,N-CAD,B15-02014_1:625,862.980701,2,748.925197,2,y14,71.9,77463,360,1
IDPVNGQITTIAVLDR,N-CAD,B15-02015_1:625,862.980701,2,748.925197,2,y14,71.7,96363,52,1
IDPVNGQITTIAVLDR,N-CAD,B15-02016_1:125,862.980701,2,748.925197,2,y14,71.36,107207,373,1
IDPVNGQITTIAVLDR,N-CAD,B15-02017_1:125,862.980701,2,748.925197,2,y14,71.7,84594,6463,1
IDPVNGQITTIAVLDR,N-CAD,B15-02019_1:25,862.980701,2,748.925197,2,y14,71.63,84777,4033,1
IDPVNGQITTIAVLDR,N-CAD,B15-02020_1:25,862.980701,2,748.925197,2,y14,71.43,73798,8622,1
IDPVNGQITTIAVLDR,N-CAD,B15-02021_1:5,862.980701,2,748.925197,2,y14,70.75,65004,7252,1
IDPVNGQITTIAVLDR,N-CAD,B15-02022_1:5,862.980701,2,748.925197,2,y14,70.82,83855,53,1
IDPVNGQITTIAVLDR,N-CAD,B15-02023_1:1,862.980701,2,748.925197,2,y14,68.64,77227,49,1
IDPVNGQITTIAVLDR,N-CAD,B15-02024_1:1,862.980701,2,748.925197,2,y14,68.3,77826,5298,1
IDPVNGQITTIAVLDR,N-CAD,B15-02092_WB_GFPl,862.980701,2,748.925197,2,y14,71.77,4785,438,1
IDPVNGQITTIAVLDR,N-CAD,B15-02093_WB_GFPl,862.980701,2,748.925197,2,y14,71.77,4371,57,1
IDPVNGQITTIAVLDR,N-CAD,B15-02094_WB_GFPl,862.980701,2,748.925197,2,y14,71.77,8812,67,1
IDPVNGQITTIAVLDR,N-CAD,B15-02016_1:125,867.984835,2,1310.730209,1,y12,71.22,891,50,5
IDPVNGQITTIAVLDR,N-CAD,B15-02017_1:125,867.984835,2,1310.730209,1,y12,72.18,2039,61,3
IDPVNGQITTIAVLDR,N-CAD,B15-02019_1:25,867.984835,2,1310.730209,1,y12,71.56,6626,60,3
IDPVNGQITTIAVLDR,N-CAD,B15-02020_1:25,867.984835,2,1310.730209,1,y12,71.36,5396,49,4
IDPVNGQITTIAVLDR,N-CAD,B15-02021_1:5,867.984835,2,1310.730209,1,y12,70.88,29444,55,3
IDPVNGQITTIAVLDR,N-CAD,B15-02022_1:5,867.984835,2,1310.730209,1,y12,70.75,30910,54,3
IDPVNGQITTIAVLDR,N-CAD,B15-02023_1:1,867.984835,2,1310.730209,1,y12,68.64,101441,4904,5
IDPVNGQITTIAVLDR,N-CAD,B15-02024_1:1,867.984835,2,1310.730209,1,y12,68.3,92461,3290,5
IDPVNGQITTIAVLDR,N-CAD,B15-02092_WB_GFPl,867.984835,2,1310.730209,1,y12,71.36,81,51,5
IDPVNGQITTIAVLDR,N-CAD,B15-02094_WB_GFPl,867.984835,2,1310.730209,1,y12,71.16,269,50,5
IDPVNGQITTIAVLDR,N-CAD,B15-02016_1:125,867.984835,2,1011.607241,1,y9,71.09,2682,98,2
IDPVNGQITTIAVLDR,N-CAD,B15-02017_1:125,867.984835,2,1011.607241,1,y9,71.22,2090,56,2
IDPVNGQITTIAVLDR,N-CAD,B15-02019_1:25,867.984835,2,1011.607241,1,y9,71.56,6543,2654,4
IDPVNGQITTIAVLDR,N-CAD,B15-02020_1:25,867.984835,2,1011.607241,1,y9,71.5,7563,51,3
IDPVNGQITTIAVLDR,N-CAD,B15-02021_1:5,867.984835,2,1011.607241,1,y9,70.82,27109,59,5
IDPVNGQITTIAVLDR,N-CAD,B15-02022_1:5,867.984835,2,1011.607241,1,y9,70.88,23164,593,5
IDPVNGQITTIAVLDR,N-CAD,B15-02023_1:1,867.984835,2,1011.607241,1,y9,68.57,105855,48,3
IDPVNGQITTIAVLDR,N-CAD,B15-02024_1:1,867.984835,2,1011.607241,1,y9,68.37,99113,8916,4
IDPVNGQITTIAVLDR,N-CAD,B15-02092_WB_GFPl,867.984835,2,1011.607241,1,y9,71.36,525,95,4
IDPVNGQITTIAVLDR,N-CAD,B15-02093_WB_GFPl,867.984835,2,1011.607241,1,y9,71.36,1248,53,3
IDPVNGQITTIAVLDR,N-CAD,B15-02094_WB_GFPl,867.984835,2,1011.607241,1,y9,70.88,1676,50,3
IDPVNGQITTIAVLDR,N-CAD,B15-02016_1:125,867.984835,2,898.523177,1,y8,71.29,1979,52,3
IDPVNGQITTIAVLDR,N-CAD,B15-02017_1:125,867.984835,2,898.523177,1,y8,72.11,1445,146,5
IDPVNGQITTIAVLDR,N-CAD,B15-02019_1:25,867.984835,2,898.523177,1,y8,71.63,10029,280,2
IDPVNGQITTIAVLDR,N-CAD,B15-02020_1:25,867.984835,2,898.523177,1,y8,71.5,12920,114,2
IDPVNGQITTIAVLDR,N-CAD,B15-02021_1:5,867.984835,2,898.523177,1,y8,70.75,46356,1674,2
IDPVNGQITTIAVLDR,N-CAD,B15-02022_1:5,867.984835,2,898.523177,1,y8,70.75,45671,52,2
IDPVNGQITTIAVLDR,N-CAD,B15-02023_1:1,867.984835,2,898.523177,1,y8,68.64,174227,288,2
IDPVNGQITTIAVLDR,N-CAD,B15-02024_1:1,867.984835,2,898.523177,1,y8,68.23,168580,2988,2
IDPVNGQITTIAVLDR,N-CAD,B15-02092_WB_GFPl,867.984835,2,898.523177,1,y8,70.88,6808,85,1
IDPVNGQITTIAVLDR,N-CAD,B15-02093_WB_GFPl,867.984835,2,898.523177,1,y8,70.95,8176,52,1
IDPVNGQITTIAVLDR,N-CAD,B15-02094_WB_GFPl,867.984835,2,898.523177,1,y8,70.82,3665,52,1
IDPVNGQITTIAVLDR,N-CAD,B15-02016_1:125,867.984835,2,583.343756,1,y5,71.22,1404,50,4
IDPVNGQITTIAVLDR,N-CAD,B15-02017_1:125,867.984835,2,583.343756,1,y5,71.56,1955,159,4
IDPVNGQITTIAVLDR,N-CAD,B15-02019_1:25,867.984835,2,583.343756,1,y5,71.56,6012,1266,5
IDPVNGQITTIAVLDR,N-CAD,B15-02020_1:25,867.984835,2,583.343756,1,y5,71.29,4531,282,5
IDPVNGQITTIAVLDR,N-CAD,B15-02021_1:5,867.984835,2,583.343756,1,y5,70.68,28414,153,4
IDPVNGQITTIAVLDR,N-CAD,B15-02022_1:5,867.984835,2,583.343756,1,y5,70.95,26327,1304,4
IDPVNGQITTIAVLDR,N-CAD,B15-02023_1:1,867.984835,2,583.343756,1,y5,68.64,101854,1329,4
IDPVNGQITTIAVLDR,N-CAD,B15-02024_1:1,867.984835,2,583.343756,1,y5,68.3,108200,3993,3
IDPVNGQITTIAVLDR,N-CAD,B15-02092_WB_GFPl,867.984835,2,583.343756,1,y5,70.88,3831,79,2
IDPVNGQITTIAVLDR,N-CAD,B15-02093_WB_GFPl,867.984835,2,583.343756,1,y5,71.02,4308,52,2
IDPVNGQITTIAVLDR,N-CAD,B15-02094_WB_GFPl,867.984835,2,583.343756,1,y5,71.09,3507,489,2
IDPVNGQITTIAVLDR,N-CAD,B15-02014_1:625,867.984835,2,753.929332,2,y14,72.04,781,57,1
IDPVNGQITTIAVLDR,N-CAD,B15-02015_1:625,867.984835,2,753.929332,2,y14,71.43,1119,53,1
IDPVNGQITTIAVLDR,N-CAD,B15-02016_1:125,867.984835,2,753.929332,2,y14,71.29,9275,147,1
IDPVNGQITTIAVLDR,N-CAD,B15-02017_1:125,867.984835,2,753.929332,2,y14,71.63,5136,100,1
IDPVNGQITTIAVLDR,N-CAD,B15-02019_1:25,867.984835,2,753.929332,2,y14,71.5,27220,1297,1
IDPVNGQITTIAVLDR,N-CAD,B15-02020_1:25,867.984835,2,753.929332,2,y14,71.22,33766,51,1
IDPVNGQITTIAVLDR,N-CAD,B15-02021_1:5,867.984835,2,753.929332,2,y14,70.75,137674,70,1
IDPVNGQITTIAVLDR,N-CAD,B15-02022_1:5,867.984835,2,753.929332,2,y14,70.88,132875,14208,1
IDPVNGQITTIAVLDR,N-CAD,B15-02023_1:1,867.984835,2,753.929332,2,y14,68.57,574545,4670,1
IDPVNGQITTIAVLDR,N-CAD,B15-02024_1:1,867.984835,2,753.929332,2,y14,68.23,583172,19550,1
IDPVNGQITTIAVLDR,N-CAD,B15-02092_WB_GFPl,867.984835,2,753.929332,2,y14,71.16,977,53,3
IDPVNGQITTIAVLDR,N-CAD,B15-02093_WB_GFPl,867.984835,2,753.929332,2,y14,71.63,379,53,4
IDPVNGQITTIAVLDR,N-CAD,B15-02094_WB_GFPl,867.984835,2,753.929332,2,y14,70.95,914,54,4
LNGDFAQLNLK,N-CAD,B15-02016_1:125,616.835319,2,1005.536371,1,y9,32.15,492,966,3
LNGDFAQLNLK,N-CAD,B15-02020_1:25,616.835319,2,1005.536371,1,y9,32.08,1694,54,3
LNGDFAQLNLK,N-CAD,B15-02021_1:5,616.835319,2,1005.536371,1,y9,31.27,3665,78,3
LNGDFAQLNLK,N-CAD,B15-02022_1:5,616.835319,2,1005.536371,1,y9,31.27,1270,207,2
LNGDFAQLNLK,N-CAD,B15-02016_1:125,616.835319,2,833.487965,1,y7,32.29,8017,42,1
LNGDFAQLNLK,N-CAD,B15-02017_1:125,616.835319,2,833.487965,1,y7,33.04,11090,52,1
LNGDFAQLNLK,N-CAD,B15-02019_1:25,616.835319,2,833.487965,1,y7,32.63,6497,76,1
LNGDFAQLNLK,N-CAD,B15-02020_1:25,616.835319,2,833.487965,1,y7,32.29,7095,557,1
LNGDFAQLNLK,N-CAD,B15-02021_1:5,616.835319,2,833.487965,1,y7,31.13,9244,82,1
LNGDFAQLNLK,N-CAD,B15-02022_1:5,616.835319,2,833.487965,1,y7,31.4,7268,40,1
LNGDFAQLNLK,N-CAD,B15-02092_WB_GFPl,616.835319,2,833.487965,1,y7,33.78,7053,100,1
LNGDFAQLNLK,N-CAD,B15-02093_WB_GFPl,616.835319,2,833.487965,1,y7,31.61,4705,37,2
LNGDFAQLNLK,N-CAD,B15-02017_1:125,616.835319,2,686.419551,1,y6,33.1,4058,41,2
LNGDFAQLNLK,N-CAD,B15-02019_1:25,616.835319,2,686.419551,1,y6,32.76,5620,165,2
LNGDFAQLNLK,N-CAD,B15-02020_1:25,616.835319,2,686.419551,1,y6,32.36,3888,210,2
LNGDFAQLNLK,N-CAD,B15-02092_WB_GFPl,616.835319,2,686.419551,1,y6,33.78,5673,54,2
LNGDFAQLNLK,N-CAD,B15-02093_WB_GFPl,616.835319,2,686.419551,1,y6,31.61,7416,103,1
LNGDFAQLNLK,N-CAD,B15-02094_WB_GFPl,616.835319,2,686.419551,1,y6,36.91,4347,44,1
LNGDFAQLNLK,N-CAD,B15-02016_1:125,616.835319,2,487.323859,1,y4,32.29,3577,43,2
LNGDFAQLNLK,N-CAD,B15-02019_1:25,616.835319,2,487.323859,1,y4,32.7,4887,74,3
LNGDFAQLNLK,N-CAD,B15-02092_WB_GFPl,616.835319,2,487.323859,1,y4,33.78,4922,85,3
LNGDFAQLNLK,N-CAD,B15-02017_1:125,616.835319,2,374.239795,1,y3,32.83,2847,51,3
LNGDFAQLNLK,N-CAD,B15-02019_1:25,616.835319,2,374.239795,1,y3,32.56,4773,140,4
LNGDFAQLNLK,N-CAD,B15-02021_1:5,616.835319,2,374.239795,1,y3,31.2,4875,77,2
LNGDFAQLNLK,N-CAD,B15-02014_1:625,620.842419,2,1013.55057,1,y9,34.06,2468,68,2
LNGDFAQLNLK,N-CAD,B15-02015_1:625,620.842419,2,1013.55057,1,y9,24.88,1469,137,2
LNGDFAQLNLK,N-CAD,B15-02024_1:1,620.842419,2,1013.55057,1,y9,32.02,2707,64,3
LNGDFAQLNLK,N-CAD,B15-02023_1:1,620.842419,2,841.502164,1,y7,32.29,3637,87,3
LNGDFAQLNLK,N-CAD,B15-02024_1:1,620.842419,2,841.502164,1,y7,31.81,3434,235,2
LNGDFAQLNLK,N-CAD,B15-02023_1:1,620.842419,2,694.43375,1,y6,32.29,15168,92,1
LNGDFAQLNLK,N-CAD,B15-02024_1:1,620.842419,2,694.43375,1,y6,31.81,11820,216,1
LNGDFAQLNLK,N-CAD,B15-02014_1:625,620.842419,2,495.338058,1,y4,34.87,6362,68,1
LNGDFAQLNLK,N-CAD,B15-02015_1:625,620.842419,2,495.338058,1,y4,25.01,13039,179,1
LNGDFAQLNLK,N-CAD,B15-02023_1:1,620.842419,2,382.253994,1,y3,32.49,6311,82,2
SAAPHPGDIGDFINEGLK,N-CAD,B15-02014_1:625,613.307485,3,820.45633,1,y7,63.63,29622,74,5
SAAPHPGDIGDFINEGLK,N-CAD,B15-02015_1:625,613.307485,3,820.45633,1,y7,63.36,29953,2130,5
SAAPHPGDIGDFINEGLK,N-CAD,B15-02016_1:125,613.307485,3,820.45633,1,y7,63.09,30812,203,5
SAAPHPGDIGDFINEGLK,N-CAD,B15-02017_1:125,613.307485,3,820.45633,1,y7,63.36,29484,953,5
SAAPHPGDIGDFINEGLK,N-CAD,B15-02019_1:25,613.307485,3,820.45633,1,y7,63.36,37213,59,5
SAAPHPGDIGDFINEGLK,N-CAD,B15-02020_1:25,613.307485,3,820.45633,1,y7,63.09,32794,144,5
SAAPHPGDIGDFINEGLK,N-CAD,B15-02021_1:5,613.307485,3,820.45633,1,y7,62.41,33601,76,5
SAAPHPGDIGDFINEGLK,N-CAD,B15-02022_1:5,613.307485,3,820.45633,1,y7,62.47,28881,58,5
SAAPHPGDIGDFINEGLK,N-CAD,B15-02023_1:1,613.307485,3,820.45633,1,y7,59.62,17332,388,5
SAAPHPGDIGDFINEGLK,N-CAD,B15-02024_1:1,613.307485,3,820.45633,1,y7,59.28,17879,4111,5
SAAPHPGDIGDFINEGLK,N-CAD,B15-02092_WB_GFPl,613.307485,3,820.45633,1,y7,63.02,690,343,4
SAAPHPGDIGDFINEGLK,N-CAD,B15-02093_WB_GFPl,613.307485,3,820.45633,1,y7,63.29,335,53,4
SAAPHPGDIGDFINEGLK,N-CAD,B15-02094_WB_GFPl,613.307485,3,820.45633,1,y7,63.49,315,63,5
SAAPHPGDIGDFINEGLK,N-CAD,B15-02014_1:625,613.307485,3,673.387916,1,y6,63.7,68179,2598,3
SAAPHPGDIGDFINEGLK,N-CAD,B15-02015_1:625,613.307485,3,673.387916,1,y6,63.43,70528,460,3
SAAPHPGDIGDFINEGLK,N-CAD,B15-02016_1:125,613.307485,3,673.387916,1,y6,62.95,90161,1121,2
SAAPHPGDIGDFINEGLK,N-CAD,B15-02017_1:125,613.307485,3,673.387916,1,y6,63.36,77713,39,3
SAAPHPGDIGDFINEGLK,N-CAD,B15-02019_1:25,613.307485,3,673.387916,1,y6,63.29,77465,160,3
SAAPHPGDIGDFINEGLK,N-CAD,B15-02020_1:25,613.307485,3,673.387916,1,y6,63.09,75912,59,3
SAAPHPGDIGDFINEGLK,N-CAD,B15-02021_1:5,613.307485,3,673.387916,1,y6,62.47,63103,125,4
SAAPHPGDIGDFINEGLK,N-CAD,B15-02022_1:5,613.307485,3,673.387916,1,y6,62.34,58524,7677,4
SAAPHPGDIGDFINEGLK,N-CAD,B15-02023_1:1,613.307485,3,673.387916,1,y6,59.69,46430,1567,3
SAAPHPGDIGDFINEGLK,N-CAD,B15-02024_1:1,613.307485,3,673.387916,1,y6,59.28,34671,117,4
SAAPHPGDIGDFINEGLK,N-CAD,B15-02092_WB_GFPl,613.307485,3,673.387916,1,y6,63.22,366,101,5
SAAPHPGDIGDFINEGLK,N-CAD,B15-02093_WB_GFPl,613.307485,3,673.387916,1,y6,63.7,254,145,5
SAAPHPGDIGDFINEGLK,N-CAD,B15-02094_WB_GFPl,613.307485,3,673.387916,1,y6,63.49,1298,1244,3
SAAPHPGDIGDFINEGLK,N-CAD,B15-02014_1:625,613.307485,3,560.303852,1,y5,63.77,87633,226,2
SAAPHPGDIGDFINEGLK,N-CAD,B15-02015_1:625,613.307485,3,560.303852,1,y5,63.49,83435,349,2
SAAPHPGDIGDFINEGLK,N-CAD,B15-02016_1:125,613.307485,3,560.303852,1,y5,63.02,83868,2626,3
SAAPHPGDIGDFINEGLK,N-CAD,B15-02017_1:125,613.307485,3,560.303852,1,y5,63.36,93943,339,1
SAAPHPGDIGDFINEGLK,N-CAD,B15-02019_1:25,613.307485,3,560.303852,1,y5,63.36,91257,231,2
SAAPHPGDIGDFINEGLK,N-CAD,B15-02020_1:25,613.307485,3,560.303852,1,y5,63.22,92986,246,2
SAAPHPGDIGDFINEGLK,N-CAD,B15-02021_1:5,613.307485,3,560.303852,1,y5,62.47,82065,938,2
SAAPHPGDIGDFINEGLK,N-CAD,B15-02022_1:5,613.307485,3,560.303852,1,y5,62.47,80586,369,1
SAAPHPGDIGDFINEGLK,N-CAD,B15-02023_1:1,613.307485,3,560.303852,1,y5,59.69,52910,847,2
SAAPHPGDIGDFINEGLK,N-CAD,B15-02024_1:1,613.307485,3,560.303852,1,y5,59.28,56777,476,2
SAAPHPGDIGDFINEGLK,N-CAD,B15-02092_WB_GFPl,613.307485,3,560.303852,1,y5,63.77,3421,52,1
SAAPHPGDIGDFINEGLK,N-CAD,B15-02093_WB_GFPl,613.307485,3,560.303852,1,y5,63.29,3523,54,1
SAAPHPGDIGDFINEGLK,N-CAD,B15-02094_WB_GFPl,613.307485,3,560.303852,1,y5,63.77,3881,743,1
SAAPHPGDIGDFINEGLK,N-CAD,B15-02014_1:625,613.307485,3,840.423019,2,y16,63.56,99181,2149,1
SAAPHPGDIGDFINEGLK,N-CAD,B15-02015_1:625,613.307485,3,840.423019,2,y16,63.49,85684,3655,1
SAAPHPGDIGDFINEGLK,N-CAD,B15-02016_1:125,613.307485,3,840.423019,2,y16,62.95,101575,2580,1
SAAPHPGDIGDFINEGLK,N-CAD,B15-02017_1:125,613.307485,3,840.423019,2,y16,63.29,93003,4330,2
SAAPHPGDIGDFINEGLK,N-CAD,B15-02019_1:25,613.307485,3,840.423019,2,y16,63.29,106737,2329,1
SAAPHPGDIGDFINEGLK,N-CAD,B15-02020_1:25,613.307485,3,840.423019,2,y16,63.15,93995,2765,1
SAAPHPGDIGDFINEGLK,N-CAD,B15-02021_1:5,613.307485,3,840.423019,2,y16,62.41,96637,238,1
SAAPHPGDIGDFINEGLK,N-CAD,B15-02022_1:5,613.307485,3,840.423019,2,y16,62.41,80323,4622,2
SAAPHPGDIGDFINEGLK,N-CAD,B15-02023_1:1,613.307485,3,840.423019,2,y16,59.69,66793,1328,1
SAAPHPGDIGDFINEGLK,N-CAD,B15-02024_1:1,613.307485,3,840.423019,2,y16,59.28,57260,2954,1
SAAPHPGDIGDFINEGLK,N-CAD,B15-02092_WB_GFPl,613.307485,3,840.423019,2,y16,63.63,1773,48,3
SAAPHPGDIGDFINEGLK,N-CAD,B15-02093_WB_GFPl,613.307485,3,840.423019,2,y16,63.7,2628,60,2
SAAPHPGDIGDFINEGLK,N-CAD,B15-02094_WB_GFPl,613.307485,3,840.423019,2,y16,63.49,2665,67,2
SAAPHPGDIGDFINEGLK,N-CAD,B15-02014_1:625,613.307485,3,804.904462,2,y15,63.77,63550,2033,4
SAAPHPGDIGDFINEGLK,N-CAD,B15-02015_1:625,613.307485,3,804.904462,2,y15,63.29,53100,328,4
SAAPHPGDIGDFINEGLK,N-CAD,B15-02016_1:125,613.307485,3,804.904462,2,y15,62.95,78239,55,4
SAAPHPGDIGDFINEGLK,N-CAD,B15-02017_1:125,613.307485,3,804.904462,2,y15,63.36,70049,174,4
SAAPHPGDIGDFINEGLK,N-CAD,B15-02019_1:25,613.307485,3,804.904462,2,y15,63.29,73845,149,4
SAAPHPGDIGDFINEGLK,N-CAD,B15-02020_1:25,613.307485,3,804.904462,2,y15,63.02,69724,152,4
SAAPHPGDIGDFINEGLK,N-CAD,B15-02021_1:5,613.307485,3,804.904462,2,y15,62.47,63582,221,3
SAAPHPGDIGDFINEGLK,N-CAD,B15-02022_1:5,613.307485,3,804.904462,2,y15,62.34,65981,56,3
SAAPHPGDIGDFINEGLK,N-CAD,B15-02023_1:1,613.307485,3,804.904462,2,y15,59.69,38892,3180,4
SAAPHPGDIGDFINEGLK,N-CAD,B15-02024_1:1,613.307485,3,804.904462,2,y15,59.41,48561,281,3
SAAPHPGDIGDFINEGLK,N-CAD,B15-02092_WB_GFPl,613.307485,3,804.904462,2,y15,63.02,1850,304,2
SAAPHPGDIGDFINEGLK,N-CAD,B15-02093_WB_GFPl,613.307485,3,804.904462,2,y15,63.43,980,43,3
SAAPHPGDIGDFINEGLK,N-CAD,B15-02094_WB_GFPl,613.307485,3,804.904462,2,y15,62.88,853,1666,4
SAAPHPGDIGDFINEGLK,N-CAD,B15-02014_1:625,615.978885,3,828.470529,1,y7,63.56,1457,205,3
SAAPHPGDIGDFINEGLK,N-CAD,B15-02017_1:125,615.978885,3,828.470529,1,y7,63.22,1916,3791,4
SAAPHPGDIGDFINEGLK,N-CAD,B15-02019_1:25,615.978885,3,828.470529,1,y7,63.15,18581,2227,5
SAAPHPGDIGDFINEGLK,N-CAD,B15-02020_1:25,615.978885,3,828.470529,1,y7,63.15,19586,96,5
SAAPHPGDIGDFINEGLK,N-CAD,B15-02021_1:5,615.978885,3,828.470529,1,y7,62.41,85737,184,5
SAAPHPGDIGDFINEGLK,N-CAD,B15-02022_1:5,615.978885,3,828.470529,1,y7,62.41,72059,3420,5
SAAPHPGDIGDFINEGLK,N-CAD,B15-02023_1:1,615.978885,3,828.470529,1,y7,59.69,215205,12058,5
SAAPHPGDIGDFINEGLK,N-CAD,B15-02024_1:1,615.978885,3,828.470529,1,y7,59.28,235674,796,5
SAAPHPGDIGDFINEGLK,N-CAD,B15-02092_WB_GFPl,615.978885,3,828.470529,1,y7,63.7,2389,114,2
SAAPHPGDIGDFINEGLK,N-CAD,B15-02093_WB_GFPl,615.978885,3,828.470529,1,y7,63.02,1733,56,2
SAAPHPGDIGDFINEGLK,N-CAD,B15-02094_WB_GFPl,615.978885,3,828.470529,1,y7,63.43,2101,64,3
SAAPHPGDIGDFINEGLK,N-CAD,B15-02014_1:625,615.978885,3,681.402115,1,y6,63.49,1841,83,2
SAAPHPGDIGDFINEGLK,N-CAD,B15-02015_1:625,615.978885,3,681.402115,1,y6,62.95,1445,1412,3
SAAPHPGDIGDFINEGLK,N-CAD,B15-02016_1:125,615.978885,3,681.402115,1,y6,62.95,10149,284,2
SAAPHPGDIGDFINEGLK,N-CAD,B15-02017_1:125,615.978885,3,681.402115,1,y6,63.29,9584,858,3
SAAPHPGDIGDFINEGLK,N-CAD,B15-02019_1:25,615.978885,3,681.402115,1,y6,63.22,38561,88,3
SAAPHPGDIGDFINEGLK,N-CAD,B15-02020_1:25,615.978885,3,681.402115,1,y6,63.15,36999,1414,3
SAAPHPGDIGDFINEGLK,N-CAD,B15-02021_1:5,615.978885,3,681.402115,1,y6,62.41,155079,75,4
SAAPHPGDIGDFINEGLK,N-CAD,B15-02022_1:5,615.978885,3,681.402115,1,y6,62.47,144074,7058,4
SAAPHPGDIGDFINEGLK,N-CAD,B15-02023_1:1,615.978885,3,681.402115,1,y6,59.69,477721,21161,3
SAAPHPGDIGDFINEGLK,N-CAD,B15-02024_1:1,615.978885,3,681.402115,1,y6,59.35,472248,10651,3
SAAPHPGDIGDFINEGLK,N-CAD,B15-02094_WB_GFPl,615.978885,3,681.402115,1,y6,63.43,2613,76,1
SAAPHPGDIGDFINEGLK,N-CAD,B15-02014_1:625,615.978885,3,568.318051,1,y5,63.9,4941,83,1
SAAPHPGDIGDFINEGLK,N-CAD,B15-02015_1:625,615.978885,3,568.318051,1,y5,63.49,4486,2971,1
SAAPHPGDIGDFINEGLK,N-CAD,B15-02017_1:125,615.978885,3,568.318051,1,y5,63.36,11792,162,1
SAAPHPGDIGDFINEGLK,N-CAD,B15-02019_1:25,615.978885,3,568.318051,1,y5,63.29,47379,62,2
SAAPHPGDIGDFINEGLK,N-CAD,B15-02020_1:25,615.978885,3,568.318051,1,y5,63.15,44064,877,2
SAAPHPGDIGDFINEGLK,N-CAD,B15-02021_1:5,615.978885,3,568.318051,1,y5,62.41,180629,2992,2
SAAPHPGDIGDFINEGLK,N-CAD,B15-02022_1:5,615.978885,3,568.318051,1,y5,62.47,165576,8180,2
SAAPHPGDIGDFINEGLK,N-CAD,B15-02023_1:1,615.978885,3,568.318051,1,y5,59.69,546498,27192,2
SAAPHPGDIGDFINEGLK,N-CAD,B15-02024_1:1,615.978885,3,568.318051,1,y5,59.41,540676,9284,2
SAAPHPGDIGDFINEGLK,N-CAD,B15-02092_WB_GFPl,615.978885,3,568.318051,1,y5,62.95,3523,72,1
SAAPHPGDIGDFINEGLK,N-CAD,B15-02093_WB_GFPl,615.978885,3,568.318051,1,y5,63.29,1754,408,1
SAAPHPGDIGDFINEGLK,N-CAD,B15-02094_WB_GFPl,615.978885,3,568.318051,1,y5,63.43,2380,125,2
SAAPHPGDIGDFINEGLK,N-CAD,B15-02014_1:625,615.978885,3,844.430118,2,y16,63.7,1286,51,4
SAAPHPGDIGDFINEGLK,N-CAD,B15-02015_1:625,615.978885,3,844.430118,2,y16,63.49,4392,51,2
SAAPHPGDIGDFINEGLK,N-CAD,B15-02016_1:125,615.978885,3,844.430118,2,y16,62.88,11907,58,1
SAAPHPGDIGDFINEGLK,N-CAD,B15-02017_1:125,615.978885,3,844.430118,2,y16,63.49,11325,194,2
SAAPHPGDIGDFINEGLK,N-CAD,B15-02019_1:25,615.978885,3,844.430118,2,y16,63.22,53294,143,1
SAAPHPGDIGDFINEGLK,N-CAD,B15-02020_1:25,615.978885,3,844.430118,2,y16,63.09,47398,325,1
SAAPHPGDIGDFINEGLK,N-CAD,B15-02021_1:5,615.978885,3,844.430118,2,y16,62.41,236225,1874,1
SAAPHPGDIGDFINEGLK,N-CAD,B15-02022_1:5,615.978885,3,844.430118,2,y16,62.47,206240,4177,1
SAAPHPGDIGDFINEGLK,N-CAD,B15-02023_1:1,615.978885,3,844.430118,2,y16,59.69,693882,28723,1
SAAPHPGDIGDFINEGLK,N-CAD,B15-02024_1:1,615.978885,3,844.430118,2,y16,59.28,708142,9983,1
SAAPHPGDIGDFINEGLK,N-CAD,B15-02019_1:25,615.978885,3,808.911561,2,y15,63.15,34166,312,4
SAAPHPGDIGDFINEGLK,N-CAD,B15-02020_1:25,615.978885,3,808.911561,2,y15,63.09,31977,78,4
SAAPHPGDIGDFINEGLK,N-CAD,B15-02021_1:5,615.978885,3,808.911561,2,y15,62.41,157425,270,3
SAAPHPGDIGDFINEGLK,N-CAD,B15-02022_1:5,615.978885,3,808.911561,2,y15,62.47,155085,732,3
SAAPHPGDIGDFINEGLK,N-CAD,B15-02023_1:1,615.978885,3,808.911561,2,y15,59.69,452530,25687,4
SAAPHPGDIGDFINEGLK,N-CAD,B15-02024_1:1,615.978885,3,808.911561,2,y15,59.35,453737,5529,4
FEGDTLVNR,GFP,B15-02014_1:625,525.764363,2,774.410442,1,y7,31.86,4650991,155488,1
FEGDTLVNR,GFP,B15-02015_1:625,525.764363,2,774.410442,1,y7,31.25,5025243,114524,1
FEGDTLVNR,GFP,B15-02016_1:125,525.764363,2,774.410442,1,y7,31.05,5333195,78669,1
FEGDTLVNR,GFP,B15-02017_1:125,525.764363,2,774.410442,1,y7,31.59,5188839,101401,1
FEGDTLVNR,GFP,B15-02019_1:25,525.764363,2,774.410442,1,y7,31.32,4988902,225542,1
FEGDTLVNR,GFP,B15-02020_1:25,525.764363,2,774.410442,1,y7,31.05,4483494,162372,1
FEGDTLVNR,GFP,B15-02021_1:5,525.764363,2,774.410442,1,y7,30.03,4002288,56648,1
FEGDTLVNR,GFP,B15-02022_1:5,525.764363,2,774.410442,1,y7,30.03,4227723,47381,1
FEGDTLVNR,GFP,B15-02023_1:1,525.764363,2,774.410442,1,y7,27.03,2422478,61546,1
FEGDTLVNR,GFP,B15-02024_1:1,525.764363,2,774.410442,1,y7,26.9,2549116,20963,1
FEGDTLVNR,GFP,B15-02092_WB_GFPl,525.764363,2,774.410442,1,y7,32.2,3787423,5390,1
FEGDTLVNR,GFP,B15-02093_WB_GFPl,525.764363,2,774.410442,1,y7,31.93,3764788,67182,1
FEGDTLVNR,GFP,B15-02094_WB_GFPl,525.764363,2,774.410442,1,y7,32.07,3682559,130017,1
FEGDTLVNR,GFP,B15-02014_1:625,525.764363,2,602.362036,1,y5,31.86,1518934,32570,2
FEGDTLVNR,GFP,B15-02015_1:625,525.764363,2,602.362036,1,y5,31.25,1585813,23472,2
FEGDTLVNR,GFP,B15-02016_1:125,525.764363,2,602.362036,1,y5,31.11,1672859,28053,2
FEGDTLVNR,GFP,B15-02017_1:125,525.764363,2,602.362036,1,y5,31.59,1632043,14972,2
FEGDTLVNR,GFP,B15-02019_1:25,525.764363,2,602.362036,1,y5,31.25,1459615,60796,2
FEGDTLVNR,GFP,B15-02020_1:25,525.764363,2,602.362036,1,y5,31.11,1433726,69984,2
FEGDTLVNR,GFP,B15-02021_1:5,525.764363,2,602.362036,1,y5,30.03,1218564,27802,2
FEGDTLVNR,GFP,B15-02022_1:5,525.764363,2,602.362036,1,y5,30.03,1306849,19841,2
FEGDTLVNR,GFP,B15-02023_1:1,525.764363,2,602.362036,1,y5,27.03,737845,28719,2
FEGDTLVNR,GFP,B15-02024_1:1,525.764363,2,602.362036,1,y5,26.83,823505,6372,2
FEGDTLVNR,GFP,B15-02092_WB_GFPl,525.764363,2,602.362036,1,y5,32.2,1272397,7254,2
FEGDTLVNR,GFP,B15-02093_WB_GFPl,525.764363,2,602.362036,1,y5,31.86,1259533,14093,2
FEGDTLVNR,GFP,B15-02094_WB_GFPl,525.764363,2,602.362036,1,y5,32.07,1201147,42391,2
FEGDTLVNR,GFP,B15-02014_1:625,525.764363,2,388.230293,1,y3,31.86,832720,26520,3
FEGDTLVNR,GFP,B15-02015_1:625,525.764363,2,388.230293,1,y3,31.25,892677,17793,3
FEGDTLVNR,GFP,B15-02016_1:125,525.764363,2,388.230293,1,y3,31.05,950313,20742,3
FEGDTLVNR,GFP,B15-02017_1:125,525.764363,2,388.230293,1,y3,31.59,876871,21839,3
FEGDTLVNR,GFP,B15-02019_1:25,525.764363,2,388.230293,1,y3,31.25,816656,38315,3
FEGDTLVNR,GFP,B15-02020_1:25,525.764363,2,388.230293,1,y3,31.11,814447,36797,3
FEGDTLVNR,GFP,B15-02021_1:5,525.764363,2,388.230293,1,y3,30.03,679605,14217,3
FEGDTLVNR,GFP,B15-02022_1:5,525.764363,2,388.230293,1,y3,30.09,766469,12370,3
FEGDTLVNR,GFP,B15-02023_1:1,525.764363,2,388.230293,1,y3,27.03,430930,30747,3
FEGDTLVNR,GFP,B15-02024_1:1,525.764363,2,388.230293,1,y3,26.83,454289,11148,3
FEGDTLVNR,GFP,B15-02092_WB_GFPl,525.764363,2,388.230293,1,y3,32.2,701370,10528,3
FEGDTLVNR,GFP,B15-02093_WB_GFPl,525.764363,2,388.230293,1,y3,31.93,698951,18992,3
FEGDTLVNR,GFP,B15-02094_WB_GFPl,525.764363,2,388.230293,1,y3,32.07,669821,33115,3
FEGDTLVNR,GFP,B15-02014_1:625,525.764363,2,289.161879,1,y2,31.86,604981,8805,4
FEGDTLVNR,GFP,B15-02015_1:625,525.764363,2,289.161879,1,y2,31.25,627963,7911,4
FEGDTLVNR,GFP,B15-02016_1:125,525.764363,2,289.161879,1,y2,31.05,650590,12501,4
FEGDTLVNR,GFP,B15-02017_1:125,525.764363,2,289.161879,1,y2,31.59,601406,6035,4
FEGDTLVNR,GFP,B15-02019_1:25,525.764363,2,289.161879,1,y2,31.25,542992,30408,4
FEGDTLVNR,GFP,B15-02020_1:25,525.764363,2,289.161879,1,y2,31.11,570551,22110,4
FEGDTLVNR,GFP,B15-02021_1:5,525.764363,2,289.161879,1,y2,30.03,466410,8286,4
FEGDTLVNR,GFP,B15-02022_1:5,525.764363,2,289.161879,1,y2,30.03,509879,2945,4
FEGDTLVNR,GFP,B15-02023_1:1,525.764363,2,289.161879,1,y2,27.03,296151,26400,4
FEGDTLVNR,GFP,B15-02024_1:1,525.764363,2,289.161879,1,y2,26.9,315939,10398,4
FEGDTLVNR,GFP,B15-02092_WB_GFPl,525.764363,2,289.161879,1,y2,32.2,501696,1569,4
FEGDTLVNR,GFP,B15-02093_WB_GFPl,525.764363,2,289.161879,1,y2,31.93,497403,9389,4
FEGDTLVNR,GFP,B15-02094_WB_GFPl,525.764363,2,289.161879,1,y2,32.07,478008,20033,4
FEGDTLVNR,GFP,B15-02015_1:625,530.768497,2,784.418711,1,y7,31.25,5467,8106,1
FEGDTLVNR,GFP,B15-02021_1:5,530.768497,2,784.418711,1,y7,30.03,546069,11917,1
FEGDTLVNR,GFP,B15-02022_1:5,530.768497,2,784.418711,1,y7,30.03,536089,11891,1
FEGDTLVNR,GFP,B15-02023_1:1,530.768497,2,784.418711,1,y7,27.03,1585594,59775,1
FEGDTLVNR,GFP,B15-02024_1:1,530.768497,2,784.418711,1,y7,26.83,1728090,15387,1
FEGDTLVNR,GFP,B15-02092_WB_GFPl,530.768497,2,784.418711,1,y7,32.27,1924,6566,2
FEGDTLVNR,GFP,B15-02093_WB_GFPl,530.768497,2,784.418711,1,y7,32.13,1938,8207,2
FEGDTLVNR,GFP,B15-02015_1:625,530.768497,2,612.370305,1,y5,31.11,3057,43,2
FEGDTLVNR,GFP,B15-02016_1:125,530.768497,2,612.370305,1,y5,31.05,8254,2061,1
FEGDTLVNR,GFP,B15-02017_1:125,530.768497,2,612.370305,1,y5,31.45,9731,786,1
FEGDTLVNR,GFP,B15-02019_1:25,530.768497,2,612.370305,1,y5,31.25,37677,4685,1
FEGDTLVNR,GFP,B15-02020_1:25,530.768497,2,612.370305,1,y5,31.05,43736,4538,1
FEGDTLVNR,GFP,B15-02021_1:5,530.768497,2,612.370305,1,y5,30.03,167303,7446,2
FEGDTLVNR,GFP,B15-02022_1:5,530.768497,2,612.370305,1,y5,30.03,183821,1358,2
FEGDTLVNR,GFP,B15-02023_1:1,530.768497,2,612.370305,1,y5,27.03,482066,35269,2
FEGDTLVNR,GFP,B15-02024_1:1,530.768497,2,612.370305,1,y5,26.83,546743,11240,2
FEGDTLVNR,GFP,B15-02092_WB_GFPl,530.768497,2,612.370305,1,y5,32.2,557,51,3
FEGDTLVNR,GFP,B15-02014_1:625,530.768497,2,398.238562,1,y3,31.79,2342,1275,2
FEGDTLVNR,GFP,B15-02017_1:125,530.768497,2,398.238562,1,y3,31.59,8141,1053,2
FEGDTLVNR,GFP,B15-02019_1:25,530.768497,2,398.238562,1,y3,31.32,22381,3417,2
FEGDTLVNR,GFP,B15-02020_1:25,530.768497,2,398.238562,1,y3,31.05,23102,2568,2
FEGDTLVNR,GFP,B15-02021_1:5,530.768497,2,398.238562,1,y3,30.03,90394,3463,3
FEGDTLVNR,GFP,B15-02022_1:5,530.768497,2,398.238562,1,y3,30.09,99779,4319,3
FEGDTLVNR,GFP,B15-02023_1:1,530.768497,2,398.238562,1,y3,27.03,272963,20769,3
FEGDTLVNR,GFP,B15-02024_1:1,530.768497,2,398.238562,1,y3,26.83,282776,16618,3
FEGDTLVNR,GFP,B15-02092_WB_GFPl,530.768497,2,398.238562,1,y3,32.34,3424,73,1
FEGDTLVNR,GFP,B15-02094_WB_GFPl,530.768497,2,398.238562,1,y3,32.13,3392,54,1
FEGDTLVNR,GFP,B15-02014_1:625,530.768497,2,299.170148,1,y2,32.07,3104,494,1
FEGDTLVNR,GFP,B15-02015_1:625,530.768497,2,299.170148,1,y2,31.11,1443,2193,3
FEGDTLVNR,GFP,B15-02016_1:125,530.768497,2,299.170148,1,y2,30.98,6930,730,2
FEGDTLVNR,GFP,B15-02017_1:125,530.768497,2,299.170148,1,y2,31.59,6207,67,3
FEGDTLVNR,GFP,B15-02019_1:25,530.768497,2,299.170148,1,y2,31.32,16119,1513,3
FEGDTLVNR,GFP,B15-02020_1:25,530.768497,2,299.170148,1,y2,31.05,14581,2881,3
FEGDTLVNR,GFP,B15-02021_1:5,530.768497,2,299.170148,1,y2,30.03,62985,1458,4
FEGDTLVNR,GFP,B15-02023_1:1,530.768497,2,299.170148,1,y2,27.03,169759,8726,4
FEGDTLVNR,GFP,B15-02024_1:1,530.768497,2,299.170148,1,y2,26.83,189374,6533,4
FEGDTLVNR,GFP,B15-02093_WB_GFPl,530.768497,2,299.170148,1,y2,32,1954,1457,1
FEGDTLVNR,GFP,B15-02094_WB_GFPl,530.768497,2,299.170148,1,y2,32.07,1875,59,2
SAMPEGYVQER,GFP,B15-02014_1:625,633.792794,2,977.468686,1,y8,30.39,2189137,29188,2
SAMPEGYVQER,GFP,B15-02015_1:625,633.792794,2,977.468686,1,y8,30.05,2173990,19378,2
SAMPEGYVQER,GFP,B15-02016_1:125,633.792794,2,977.468686,1,y8,29.71,2398896,52103,2
SAMPEGYVQER,GFP,B15-02017_1:125,633.792794,2,977.468686,1,y8,30.25,2195643,38319,2
SAMPEGYVQER,GFP,B15-02019_1:25,633.792794,2,977.468686,1,y8,29.98,1962104,29218,2
SAMPEGYVQER,GFP,B15-02020_1:25,633.792794,2,977.468686,1,y8,29.78,1941525,29703,2
SAMPEGYVQER,GFP,B15-02021_1:5,633.792794,2,977.468686,1,y8,28.76,1627884,32371,2
SAMPEGYVQER,GFP,B15-02022_1:5,633.792794,2,977.468686,1,y8,28.76,1773560,40246,2
SAMPEGYVQER,GFP,B15-02023_1:1,633.792794,2,977.468686,1,y8,25.83,1057521,10894,2
SAMPEGYVQER,GFP,B15-02024_1:1,633.792794,2,977.468686,1,y8,25.56,1148913,17123,2
SAMPEGYVQER,GFP,B15-02092_WB_GFPl,633.792794,2,977.468686,1,y8,30.93,1482393,11285,2
SAMPEGYVQER,GFP,B15-02093_WB_GFPl,633.792794,2,977.468686,1,y8,30.59,1463379,30086,2
SAMPEGYVQER,GFP,B15-02094_WB_GFPl,633.792794,2,977.468686,1,y8,30.8,1417215,71672,2
SAMPEGYVQER,GFP,B15-02014_1:625,633.792794,2,751.373329,1,y6,30.39,1044159,11914,3
SAMPEGYVQER,GFP,B15-02015_1:625,633.792794,2,751.373329,1,y6,29.98,1080237,6055,3
SAMPEGYVQER,GFP,B15-02016_1:125,633.792794,2,751.373329,1,y6,29.71,1162452,38626,3
SAMPEGYVQER,GFP,B15-02017_1:125,633.792794,2,751.373329,1,y6,30.18,1083627,20002,3
SAMPEGYVQER,GFP,B15-02019_1:25,633.792794,2,751.373329,1,y6,29.98,961918,16417,3
SAMPEGYVQER,GFP,B15-02020_1:25,633.792794,2,751.373329,1,y6,29.71,947392,9053,3
SAMPEGYVQER,GFP,B15-02021_1:5,633.792794,2,751.373329,1,y6,28.76,807974,16134,3
SAMPEGYVQER,GFP,B15-02022_1:5,633.792794,2,751.373329,1,y6,28.76,884776,19631,3
SAMPEGYVQER,GFP,B15-02023_1:1,633.792794,2,751.373329,1,y6,25.83,537837,4711,3
SAMPEGYVQER,GFP,B15-02024_1:1,633.792794,2,751.373329,1,y6,25.56,592476,10385,3
SAMPEGYVQER,GFP,B15-02092_WB_GFPl,633.792794,2,751.373329,1,y6,30.93,821060,5381,3
SAMPEGYVQER,GFP,B15-02093_WB_GFPl,633.792794,2,751.373329,1,y6,30.59,833538,16526,3
SAMPEGYVQER,GFP,B15-02094_WB_GFPl,633.792794,2,751.373329,1,y6,30.8,808416,32308,3
SAMPEGYVQER,GFP,B15-02014_1:625,633.792794,2,554.758223,2,y9,30.39,828940,12068,4
SAMPEGYVQER,GFP,B15-02015_1:625,633.792794,2,554.758223,2,y9,30.05,902205,11619,4
SAMPEGYVQER,GFP,B15-02016_1:125,633.792794,2,554.758223,2,y9,29.71,965320,30073,4
SAMPEGYVQER,GFP,B15-02017_1:125,633.792794,2,554.758223,2,y9,30.18,864477,20759,4
SAMPEGYVQER,GFP,B15-02019_1:25,633.792794,2,554.758223,2,y9,29.98,757039,10364,4
SAMPEGYVQER,GFP,B15-02020_1:25,633.792794,2,554.758223,2,y9,29.71,766577,11880,4
SAMPEGYVQER,GFP,B15-02021_1:5,633.792794,2,554.758223,2,y9,28.76,583771,9814,4
SAMPEGYVQER,GFP,B15-02022_1:5,633.792794,2,554.758223,2,y9,28.82,683211,3348,4
SAMPEGYVQER,GFP,B15-02023_1:1,633.792794,2,554.758223,2,y9,25.83,393666,501,4
SAMPEGYVQER,GFP,B15-02024_1:1,633.792794,2,554.758223,2,y9,25.49,444972,5023,4
SAMPEGYVQER,GFP,B15-02092_WB_GFPl,633.792794,2,554.758223,2,y9,30.93,521898,62,4
SAMPEGYVQER,GFP,B15-02093_WB_GFPl,633.792794,2,554.758223,2,y9,30.59,531334,82,4
SAMPEGYVQER,GFP,B15-02094_WB_GFPl,633.792794,2,554.758223,2,y9,30.8,537918,27230,4
SAMPEGYVQER,GFP,B15-02014_1:625,633.792794,2,489.237981,2,y8,30.39,3972220,71491,1
SAMPEGYVQER,GFP,B15-02015_1:625,633.792794,2,489.237981,2,y8,29.98,4295529,83002,1
SAMPEGYVQER,GFP,B15-02016_1:125,633.792794,2,489.237981,2,y8,29.71,4624893,104049,1
SAMPEGYVQER,GFP,B15-02017_1:125,633.792794,2,489.237981,2,y8,30.18,4255391,48434,1
SAMPEGYVQER,GFP,B15-02019_1:25,633.792794,2,489.237981,2,y8,29.98,3647890,58408,1
SAMPEGYVQER,GFP,B15-02020_1:25,633.792794,2,489.237981,2,y8,29.78,3735204,72608,1
SAMPEGYVQER,GFP,B15-02021_1:5,633.792794,2,489.237981,2,y8,28.76,2985838,44351,1
SAMPEGYVQER,GFP,B15-02022_1:5,633.792794,2,489.237981,2,y8,28.76,3295879,96476,1
SAMPEGYVQER,GFP,B15-02023_1:1,633.792794,2,489.237981,2,y8,25.83,1975146,14119,1
SAMPEGYVQER,GFP,B15-02024_1:1,633.792794,2,489.237981,2,y8,25.56,2100603,39043,1
SAMPEGYVQER,GFP,B15-02092_WB_GFPl,633.792794,2,489.237981,2,y8,30.93,2549019,53414,1
SAMPEGYVQER,GFP,B15-02093_WB_GFPl,633.792794,2,489.237981,2,y8,30.66,2685741,8012,1
SAMPEGYVQER,GFP,B15-02094_WB_GFPl,633.792794,2,489.237981,2,y8,30.8,2517734,115816,1
SAMPEGYVQER,GFP,B15-02017_1:125,638.796929,2,987.476955,1,y8,30.05,12408,73,2
SAMPEGYVQER,GFP,B15-02019_1:25,638.796929,2,987.476955,1,y8,30.05,59173,2111,2
SAMPEGYVQER,GFP,B15-02020_1:25,638.796929,2,987.476955,1,y8,29.78,60089,2184,2
SAMPEGYVQER,GFP,B15-02021_1:5,638.796929,2,987.476955,1,y8,28.76,241787,5643,2
SAMPEGYVQER,GFP,B15-02022_1:5,638.796929,2,987.476955,1,y8,28.76,275235,6923,2
SAMPEGYVQER,GFP,B15-02023_1:1,638.796929,2,987.476955,1,y8,25.83,754725,5696,2
SAMPEGYVQER,GFP,B15-02024_1:1,638.796929,2,987.476955,1,y8,25.49,833243,15836,2
SAMPEGYVQER,GFP,B15-02016_1:125,638.796929,2,761.381598,1,y6,29.64,6502,194,3
SAMPEGYVQER,GFP,B15-02017_1:125,638.796929,2,761.381598,1,y6,30.25,7064,461,3
SAMPEGYVQER,GFP,B15-02019_1:25,638.796929,2,761.381598,1,y6,30.12,26571,4665,3
SAMPEGYVQER,GFP,B15-02020_1:25,638.796929,2,761.381598,1,y6,29.84,25822,1077,3
SAMPEGYVQER,GFP,B15-02021_1:5,638.796929,2,761.381598,1,y6,28.76,116570,6093,3
SAMPEGYVQER,GFP,B15-02022_1:5,638.796929,2,761.381598,1,y6,28.76,127924,10609,3
SAMPEGYVQER,GFP,B15-02023_1:1,638.796929,2,761.381598,1,y6,25.83,395552,1572,3
SAMPEGYVQER,GFP,B15-02024_1:1,638.796929,2,761.381598,1,y6,25.56,428826,9436,3
SAMPEGYVQER,GFP,B15-02094_WB_GFPl,638.796929,2,761.381598,1,y6,31,536,70,2
SAMPEGYVQER,GFP,B15-02016_1:125,638.796929,2,559.762358,2,y9,29.64,6862,73,2
SAMPEGYVQER,GFP,B15-02017_1:125,638.796929,2,559.762358,2,y9,30.66,4204,74,4
SAMPEGYVQER,GFP,B15-02019_1:25,638.796929,2,559.762358,2,y9,29.98,21513,68,4
SAMPEGYVQER,GFP,B15-02020_1:25,638.796929,2,559.762358,2,y9,29.64,25467,75,4
SAMPEGYVQER,GFP,B15-02021_1:5,638.796929,2,559.762358,2,y9,28.82,103643,1353,4
SAMPEGYVQER,GFP,B15-02022_1:5,638.796929,2,559.762358,2,y9,28.89,105015,572,4
SAMPEGYVQER,GFP,B15-02023_1:1,638.796929,2,559.762358,2,y9,25.9,300825,7427,4
SAMPEGYVQER,GFP,B15-02024_1:1,638.796929,2,559.762358,2,y9,25.49,329000,4635,4
SAMPEGYVQER,GFP,B15-02094_WB_GFPl,638.796929,2,559.762358,2,y9,31,1401,74,1
SAMPEGYVQER,GFP,B15-02014_1:625,638.796929,2,494.242115,2,y8,31.14,5327,77,1
SAMPEGYVQER,GFP,B15-02015_1:625,638.796929,2,494.242115,2,y8,30.05,6588,59,1
SAMPEGYVQER,GFP,B15-02016_1:125,638.796929,2,494.242115,2,y8,29.64,24343,79,1
SAMPEGYVQER,GFP,B15-02017_1:125,638.796929,2,494.242115,2,y8,30.32,22864,74,1
SAMPEGYVQER,GFP,B15-02019_1:25,638.796929,2,494.242115,2,y8,30.05,108177,5856,1
SAMPEGYVQER,GFP,B15-02020_1:25,638.796929,2,494.242115,2,y8,29.78,110369,71,1
SAMPEGYVQER,GFP,B15-02021_1:5,638.796929,2,494.242115,2,y8,28.76,446971,14176,1
SAMPEGYVQER,GFP,B15-02022_1:5,638.796929,2,494.242115,2,y8,28.76,487615,21557,1
SAMPEGYVQER,GFP,B15-02023_1:1,638.796929,2,494.242115,2,y8,25.83,1403821,29907,1
SAMPEGYVQER,GFP,B15-02024_1:1,638.796929,2,494.242115,2,y8,25.56,1542294,11946,1
SAMPEGYVQER,GFP,B15-02092_WB_GFPl,638.796929,2,494.242115,2,y8,31.68,294,902,1
LEYNYNSHNVYIMADK,GFP,B15-02016_1:125,658.640247,3,930.9147,2,y15,36.44,2820,49,3
LEYNYNSHNVYIMADK,GFP,B15-02023_1:1,658.640247,3,930.9147,2,y15,32.64,15405,65,3
LEYNYNSHNVYIMADK,GFP,B15-02016_1:125,658.640247,3,866.393404,2,y14,36.58,22016,49,2
LEYNYNSHNVYIMADK,GFP,B15-02020_1:25,658.640247,3,866.393404,2,y14,25.36,99917,40,1
LEYNYNSHNVYIMADK,GFP,B15-02022_1:5,658.640247,3,866.393404,2,y14,24.41,401369,4945,1
LEYNYNSHNVYIMADK,GFP,B15-02023_1:1,658.640247,3,866.393404,2,y14,32.64,197497,9349,2
LEYNYNSHNVYIMADK,GFP,B15-02093_WB_GFPl,658.640247,3,866.393404,2,y14,37.87,4473,64,2
LEYNYNSHNVYIMADK,GFP,B15-02094_WB_GFPl,658.640247,3,866.393404,2,y14,38.08,8292,56,2
LEYNYNSHNVYIMADK,GFP,B15-02016_1:125,658.640247,3,727.840276,2,y12,36.58,78249,127,1
LEYNYNSHNVYIMADK,GFP,B15-02023_1:1,658.640247,3,727.840276,2,y12,32.7,661040,8806,1
LEYNYNSHNVYIMADK,GFP,B15-02024_1:1,658.640247,3,727.840276,2,y12,29.51,3064,97,1
LEYNYNSHNVYIMADK,GFP,B15-02093_WB_GFPl,658.640247,3,727.840276,2,y12,38.01,22909,152,1
LEYNYNSHNVYIMADK,GFP,B15-02094_WB_GFPl,658.640247,3,727.840276,2,y12,38.21,20323,56,1
LEYNYNSHNVYIMADK,GFP,B15-02014_1:625,661.311647,3,870.400503,2,y14,31.28,12941,62,1
LEYNYNSHNVYIMADK,GFP,B15-02015_1:625,661.311647,3,870.400503,2,y14,30.66,11901,42,1
LEYNYNSHNVYIMADK,GFP,B15-02017_1:125,661.311647,3,870.400503,2,y14,31.07,12658,61,1
LEYNYNSHNVYIMADK,GFP,B15-02019_1:25,661.311647,3,870.400503,2,y14,30.66,13301,129,1
LEYNYNSHNVYIMADK,GFP,B15-02021_1:5,661.311647,3,870.400503,2,y14,29.51,10362,64,1
LEYNYNSHNVYIMADK,GFP,B15-02092_WB_GFPl,661.311647,3,870.400503,2,y14,32.09,10345,52,1
LEYNYNSHNVYIMADK,GFP,B15-02017_1:125,661.311647,3,731.847375,2,y12,31.07,1841,59,2
LEYNYNSHNVYIMADK,GFP,B15-02092_WB_GFPl,661.311647,3,731.847375,2,y12,32.02,1057,50,2