Peptide Sequence,Protein Name,Replicate Name,Precursor Mz,Precursor Charge,Product Mz,Product Charge,Fragment Ion,Retention Time,Area,Background,Peak Rank
NASHEQAAIALK,PSD-95,B15-03035_WB_2_GFPl,418.226326,3,515.355159,1,y5,26.42,1845,110,1
NASHEQAAIALK,PSD-95,B15-03036_WB_2_GFPl,418.226326,3,515.355159,1,y5,27.16,7725,209,4
NASHEQAAIALK,PSD-95,B15-03037_WB_2_GFPl,418.226326,3,515.355159,1,y5,27.17,44235,54,5
NASHEQAAIALK,PSD-95,B15-03038_1:625,418.226326,3,515.355159,1,y5,27.51,75583,79,5
NASHEQAAIALK,PSD-95,B15-03039_1:625,418.226326,3,515.355159,1,y5,27.1,100292,2550,5
NASHEQAAIALK,PSD-95,B15-03040_1:125,418.226326,3,515.355159,1,y5,26.96,89189,3430,5
NASHEQAAIALK,PSD-95,B15-03041_1:125,418.226326,3,515.355159,1,y5,27.23,94106,180,5
NASHEQAAIALK,PSD-95,B15-03043_1:25,418.226326,3,515.355159,1,y5,26.69,73816,36,5
NASHEQAAIALK,PSD-95,B15-03044_1:25,418.226326,3,515.355159,1,y5,26.76,66328,1515,5
NASHEQAAIALK,PSD-95,B15-03045_1:5,418.226326,3,515.355159,1,y5,26.62,91007,304,5
NASHEQAAIALK,PSD-95,B15-03046_1:5,418.226326,3,515.355159,1,y5,26.55,122450,437,5
NASHEQAAIALK,PSD-95,B15-03047_1:1,418.226326,3,515.355159,1,y5,23.76,76209,1146,5
NASHEQAAIALK,PSD-95,B15-03048_1:1,418.226326,3,515.355159,1,y5,23.29,76371,862,5
NASHEQAAIALK,PSD-95,B15-03035_WB_2_GFPl,418.226326,3,444.318046,1,y4,26.55,189,50,4
NASHEQAAIALK,PSD-95,B15-03036_WB_2_GFPl,418.226326,3,444.318046,1,y4,27.16,11262,202,2
NASHEQAAIALK,PSD-95,B15-03037_WB_2_GFPl,418.226326,3,444.318046,1,y4,27.17,77811,419,2
NASHEQAAIALK,PSD-95,B15-03038_1:625,418.226326,3,444.318046,1,y4,27.51,133705,2694,2
NASHEQAAIALK,PSD-95,B15-03039_1:625,418.226326,3,444.318046,1,y4,27.1,159729,1780,2
NASHEQAAIALK,PSD-95,B15-03040_1:125,418.226326,3,444.318046,1,y4,26.96,164633,205,2
NASHEQAAIALK,PSD-95,B15-03041_1:125,418.226326,3,444.318046,1,y4,27.23,157148,32,2
NASHEQAAIALK,PSD-95,B15-03043_1:25,418.226326,3,444.318046,1,y4,26.76,122190,35,2
NASHEQAAIALK,PSD-95,B15-03044_1:25,418.226326,3,444.318046,1,y4,26.76,125670,137,2
NASHEQAAIALK,PSD-95,B15-03045_1:5,418.226326,3,444.318046,1,y4,26.62,169069,88,2
NASHEQAAIALK,PSD-95,B15-03046_1:5,418.226326,3,444.318046,1,y4,26.49,200130,278,2
NASHEQAAIALK,PSD-95,B15-03047_1:1,418.226326,3,444.318046,1,y4,23.42,133728,4119,2
NASHEQAAIALK,PSD-95,B15-03048_1:1,418.226326,3,444.318046,1,y4,23.29,145618,5986,2
NASHEQAAIALK,PSD-95,B15-03035_WB_2_GFPl,418.226326,3,331.233982,1,y3,26.28,1542,360,2
NASHEQAAIALK,PSD-95,B15-03036_WB_2_GFPl,418.226326,3,331.233982,1,y3,27.16,11175,95,3
NASHEQAAIALK,PSD-95,B15-03037_WB_2_GFPl,418.226326,3,331.233982,1,y3,27.17,70534,467,3
NASHEQAAIALK,PSD-95,B15-03038_1:625,418.226326,3,331.233982,1,y3,27.57,102933,2517,3
NASHEQAAIALK,PSD-95,B15-03039_1:625,418.226326,3,331.233982,1,y3,27.1,149019,2690,3
NASHEQAAIALK,PSD-95,B15-03040_1:125,418.226326,3,331.233982,1,y3,26.96,139449,886,3
NASHEQAAIALK,PSD-95,B15-03041_1:125,418.226326,3,331.233982,1,y3,27.23,136094,1601,3
NASHEQAAIALK,PSD-95,B15-03043_1:25,418.226326,3,331.233982,1,y3,26.76,102961,47,3
NASHEQAAIALK,PSD-95,B15-03044_1:25,418.226326,3,331.233982,1,y3,26.76,105995,588,3
NASHEQAAIALK,PSD-95,B15-03045_1:5,418.226326,3,331.233982,1,y3,26.62,136977,258,3
NASHEQAAIALK,PSD-95,B15-03046_1:5,418.226326,3,331.233982,1,y3,26.49,177833,6296,3
NASHEQAAIALK,PSD-95,B15-03047_1:1,418.226326,3,331.233982,1,y3,23.42,111734,3613,4
NASHEQAAIALK,PSD-95,B15-03048_1:1,418.226326,3,331.233982,1,y3,23.36,119428,3460,3
NASHEQAAIALK,PSD-95,B15-03035_WB_2_GFPl,418.226326,3,569.814387,2,y11,26.62,21,53,5
NASHEQAAIALK,PSD-95,B15-03036_WB_2_GFPl,418.226326,3,569.814387,2,y11,27.16,7360,48,5
NASHEQAAIALK,PSD-95,B15-03037_WB_2_GFPl,418.226326,3,569.814387,2,y11,27.17,60158,53,4
NASHEQAAIALK,PSD-95,B15-03038_1:625,418.226326,3,569.814387,2,y11,27.57,88810,519,4
NASHEQAAIALK,PSD-95,B15-03039_1:625,418.226326,3,569.814387,2,y11,27.1,148428,891,4
NASHEQAAIALK,PSD-95,B15-03040_1:125,418.226326,3,569.814387,2,y11,26.96,127301,26,4
NASHEQAAIALK,PSD-95,B15-03041_1:125,418.226326,3,569.814387,2,y11,27.17,132782,85,4
NASHEQAAIALK,PSD-95,B15-03043_1:25,418.226326,3,569.814387,2,y11,26.76,102478,37,4
NASHEQAAIALK,PSD-95,B15-03044_1:25,418.226326,3,569.814387,2,y11,26.76,96609,31,4
NASHEQAAIALK,PSD-95,B15-03045_1:5,418.226326,3,569.814387,2,y11,26.62,132327,2392,4
NASHEQAAIALK,PSD-95,B15-03046_1:5,418.226326,3,569.814387,2,y11,26.49,173628,4631,4
NASHEQAAIALK,PSD-95,B15-03047_1:1,418.226326,3,569.814387,2,y11,23.56,118658,70,3
NASHEQAAIALK,PSD-95,B15-03048_1:1,418.226326,3,569.814387,2,y11,23.29,113685,71,4
NASHEQAAIALK,PSD-95,B15-03035_WB_2_GFPl,418.226326,3,534.29583,2,y10,26.96,1411,222,3
NASHEQAAIALK,PSD-95,B15-03036_WB_2_GFPl,418.226326,3,534.29583,2,y10,27.16,28344,56,1
NASHEQAAIALK,PSD-95,B15-03037_WB_2_GFPl,418.226326,3,534.29583,2,y10,27.17,164432,53,1
NASHEQAAIALK,PSD-95,B15-03038_1:625,418.226326,3,534.29583,2,y10,27.51,308151,5220,1
NASHEQAAIALK,PSD-95,B15-03039_1:625,418.226326,3,534.29583,2,y10,27.1,405532,1096,1
NASHEQAAIALK,PSD-95,B15-03040_1:125,418.226326,3,534.29583,2,y10,26.96,362919,4118,1
NASHEQAAIALK,PSD-95,B15-03041_1:125,418.226326,3,534.29583,2,y10,27.23,403870,1461,1
NASHEQAAIALK,PSD-95,B15-03043_1:25,418.226326,3,534.29583,2,y10,26.76,289883,5766,1
NASHEQAAIALK,PSD-95,B15-03044_1:25,418.226326,3,534.29583,2,y10,26.76,352843,5603,1
NASHEQAAIALK,PSD-95,B15-03045_1:5,418.226326,3,534.29583,2,y10,26.62,375646,5120,1
NASHEQAAIALK,PSD-95,B15-03046_1:5,418.226326,3,534.29583,2,y10,26.49,496764,7362,1
NASHEQAAIALK,PSD-95,B15-03047_1:1,418.226326,3,534.29583,2,y10,23.56,323213,4842,1
NASHEQAAIALK,PSD-95,B15-03048_1:1,418.226326,3,534.29583,2,y10,23.29,339666,5922,1
NASHEQAAIALK,PSD-95,B15-03035_WB_2_GFPl,420.897725,3,523.369358,1,y5,26.21,215,56,3
NASHEQAAIALK,PSD-95,B15-03036_WB_2_GFPl,420.897725,3,523.369358,1,y5,27.1,641,673,3
NASHEQAAIALK,PSD-95,B15-03037_WB_2_GFPl,420.897725,3,523.369358,1,y5,26.69,915,53,2
NASHEQAAIALK,PSD-95,B15-03040_1:125,420.897725,3,523.369358,1,y5,26.89,712,166,3
NASHEQAAIALK,PSD-95,B15-03041_1:125,420.897725,3,523.369358,1,y5,27.23,2300,1422,5
NASHEQAAIALK,PSD-95,B15-03043_1:25,420.897725,3,523.369358,1,y5,26.76,7501,35,4
NASHEQAAIALK,PSD-95,B15-03044_1:25,420.897725,3,523.369358,1,y5,26.69,5442,1723,5
NASHEQAAIALK,PSD-95,B15-03045_1:5,420.897725,3,523.369358,1,y5,26.55,43151,33,5
NASHEQAAIALK,PSD-95,B15-03046_1:5,420.897725,3,523.369358,1,y5,26.49,50894,1855,5
NASHEQAAIALK,PSD-95,B15-03047_1:1,420.897725,3,523.369358,1,y5,23.42,167453,9168,5
NASHEQAAIALK,PSD-95,B15-03048_1:1,420.897725,3,523.369358,1,y5,23.36,174697,14789,5
NASHEQAAIALK,PSD-95,B15-03038_1:625,420.897725,3,452.332245,1,y4,27.37,1214,64,2
NASHEQAAIALK,PSD-95,B15-03041_1:125,420.897725,3,452.332245,1,y4,27.03,2741,31,4
NASHEQAAIALK,PSD-95,B15-03044_1:25,420.897725,3,452.332245,1,y4,26.82,10703,569,4
NASHEQAAIALK,PSD-95,B15-03045_1:5,420.897725,3,452.332245,1,y4,26.55,66960,1183,3
NASHEQAAIALK,PSD-95,B15-03046_1:5,420.897725,3,452.332245,1,y4,26.49,88870,2207,2
NASHEQAAIALK,PSD-95,B15-03047_1:1,420.897725,3,452.332245,1,y4,23.36,389409,5352,2
NASHEQAAIALK,PSD-95,B15-03048_1:1,420.897725,3,452.332245,1,y4,23.29,400276,8667,2
NASHEQAAIALK,PSD-95,B15-03035_WB_2_GFPl,420.897725,3,339.248181,1,y3,27.1,1476,172,2
NASHEQAAIALK,PSD-95,B15-03036_WB_2_GFPl,420.897725,3,339.248181,1,y3,26.21,902,887,2
NASHEQAAIALK,PSD-95,B15-03037_WB_2_GFPl,420.897725,3,339.248181,1,y3,27.03,3154,53,1
NASHEQAAIALK,PSD-95,B15-03039_1:625,420.897725,3,339.248181,1,y3,26.96,1679,37,2
NASHEQAAIALK,PSD-95,B15-03040_1:125,420.897725,3,339.248181,1,y3,26.96,2920,531,2
NASHEQAAIALK,PSD-95,B15-03041_1:125,420.897725,3,339.248181,1,y3,27.23,4084,241,2
NASHEQAAIALK,PSD-95,B15-03043_1:25,420.897725,3,339.248181,1,y3,26.76,13267,651,2
NASHEQAAIALK,PSD-95,B15-03044_1:25,420.897725,3,339.248181,1,y3,26.76,11344,2207,2
NASHEQAAIALK,PSD-95,B15-03045_1:5,420.897725,3,339.248181,1,y3,26.62,72147,256,2
NASHEQAAIALK,PSD-95,B15-03046_1:5,420.897725,3,339.248181,1,y3,26.49,82988,8426,3
NASHEQAAIALK,PSD-95,B15-03047_1:1,420.897725,3,339.248181,1,y3,23.36,266228,17086,3
NASHEQAAIALK,PSD-95,B15-03048_1:1,420.897725,3,339.248181,1,y3,23.29,286308,17628,3
NASHEQAAIALK,PSD-95,B15-03037_WB_2_GFPl,420.897725,3,573.821486,2,y11,26.89,241,52,3
NASHEQAAIALK,PSD-95,B15-03038_1:625,420.897725,3,573.821486,2,y11,27.57,1095,28,3
NASHEQAAIALK,PSD-95,B15-03039_1:625,420.897725,3,573.821486,2,y11,27.03,528,36,3
NASHEQAAIALK,PSD-95,B15-03041_1:125,420.897725,3,573.821486,2,y11,27.23,2762,31,3
NASHEQAAIALK,PSD-95,B15-03043_1:25,420.897725,3,573.821486,2,y11,26.69,7676,36,3
NASHEQAAIALK,PSD-95,B15-03044_1:25,420.897725,3,573.821486,2,y11,26.76,11254,35,3
NASHEQAAIALK,PSD-95,B15-03045_1:5,420.897725,3,573.821486,2,y11,26.62,62813,34,4
NASHEQAAIALK,PSD-95,B15-03046_1:5,420.897725,3,573.821486,2,y11,26.49,81871,567,4
NASHEQAAIALK,PSD-95,B15-03047_1:1,420.897725,3,573.821486,2,y11,23.36,241120,10150,4
NASHEQAAIALK,PSD-95,B15-03048_1:1,420.897725,3,573.821486,2,y11,23.36,228758,13337,4
NASHEQAAIALK,PSD-95,B15-03035_WB_2_GFPl,420.897725,3,538.30293,2,y10,26.62,2234,56,1
NASHEQAAIALK,PSD-95,B15-03036_WB_2_GFPl,420.897725,3,538.30293,2,y10,26.28,2047,153,1
NASHEQAAIALK,PSD-95,B15-03038_1:625,420.897725,3,538.30293,2,y10,27.57,1302,322,1
NASHEQAAIALK,PSD-95,B15-03039_1:625,420.897725,3,538.30293,2,y10,27.17,3743,33,1
NASHEQAAIALK,PSD-95,B15-03040_1:125,420.897725,3,538.30293,2,y10,27.03,6029,35,1
NASHEQAAIALK,PSD-95,B15-03041_1:125,420.897725,3,538.30293,2,y10,27.23,5940,404,1
NASHEQAAIALK,PSD-95,B15-03043_1:25,420.897725,3,538.30293,2,y10,26.69,25221,32,1
NASHEQAAIALK,PSD-95,B15-03044_1:25,420.897725,3,538.30293,2,y10,26.82,29196,2245,1
NASHEQAAIALK,PSD-95,B15-03045_1:5,420.897725,3,538.30293,2,y10,26.55,148476,926,1
NASHEQAAIALK,PSD-95,B15-03046_1:5,420.897725,3,538.30293,2,y10,26.49,219814,118,1
NASHEQAAIALK,PSD-95,B15-03047_1:1,420.897725,3,538.30293,2,y10,23.42,675963,22612,1
NASHEQAAIALK,PSD-95,B15-03048_1:1,420.897725,3,538.30293,2,y10,23.22,747243,13570,1
VHSDSETDDIGFIPSK,PSD-95,B15-03035_WB_2_GFPl,582.944212,3,648.371538,1,y6,49,1696,56,3
VHSDSETDDIGFIPSK,PSD-95,B15-03036_WB_2_GFPl,582.944212,3,648.371538,1,y6,48.32,4858,94,1
VHSDSETDDIGFIPSK,PSD-95,B15-03037_WB_2_GFPl,582.944212,3,648.371538,1,y6,49.14,153240,56,1
VHSDSETDDIGFIPSK,PSD-95,B15-03038_1:625,582.944212,3,648.371538,1,y6,49.34,173831,2371,1
VHSDSETDDIGFIPSK,PSD-95,B15-03039_1:625,582.944212,3,648.371538,1,y6,49.07,251304,245,1
VHSDSETDDIGFIPSK,PSD-95,B15-03040_1:125,582.944212,3,648.371538,1,y6,48.8,220331,2434,1
VHSDSETDDIGFIPSK,PSD-95,B15-03041_1:125,582.944212,3,648.371538,1,y6,48.94,222174,35,1
VHSDSETDDIGFIPSK,PSD-95,B15-03043_1:25,582.944212,3,648.371538,1,y6,48.53,195238,5606,1
VHSDSETDDIGFIPSK,PSD-95,B15-03044_1:25,582.944212,3,648.371538,1,y6,48.66,225079,2546,1
VHSDSETDDIGFIPSK,PSD-95,B15-03045_1:5,582.944212,3,648.371538,1,y6,48.32,213461,3515,1
VHSDSETDDIGFIPSK,PSD-95,B15-03046_1:5,582.944212,3,648.371538,1,y6,48.19,219202,2912,1
VHSDSETDDIGFIPSK,PSD-95,B15-03047_1:1,582.944212,3,648.371538,1,y6,46.15,115825,2765,1
VHSDSETDDIGFIPSK,PSD-95,B15-03048_1:1,582.944212,3,648.371538,1,y6,46.15,151514,1256,1
VHSDSETDDIGFIPSK,PSD-95,B15-03035_WB_2_GFPl,582.944212,3,591.350074,1,y5,48.66,853,55,4
VHSDSETDDIGFIPSK,PSD-95,B15-03036_WB_2_GFPl,582.944212,3,591.350074,1,y5,48.32,827,62,5
VHSDSETDDIGFIPSK,PSD-95,B15-03037_WB_2_GFPl,582.944212,3,591.350074,1,y5,49.14,19408,2441,3
VHSDSETDDIGFIPSK,PSD-95,B15-03038_1:625,582.944212,3,591.350074,1,y5,49.34,24490,37,3
VHSDSETDDIGFIPSK,PSD-95,B15-03039_1:625,582.944212,3,591.350074,1,y5,49.07,37462,2136,3
VHSDSETDDIGFIPSK,PSD-95,B15-03040_1:125,582.944212,3,591.350074,1,y5,48.87,34359,37,3
VHSDSETDDIGFIPSK,PSD-95,B15-03043_1:25,582.944212,3,591.350074,1,y5,48.53,28400,136,3
VHSDSETDDIGFIPSK,PSD-95,B15-03044_1:25,582.944212,3,591.350074,1,y5,48.66,36003,481,3
VHSDSETDDIGFIPSK,PSD-95,B15-03045_1:5,582.944212,3,591.350074,1,y5,48.32,28607,315,3
VHSDSETDDIGFIPSK,PSD-95,B15-03046_1:5,582.944212,3,591.350074,1,y5,48.19,29145,32,3
VHSDSETDDIGFIPSK,PSD-95,B15-03047_1:1,582.944212,3,591.350074,1,y5,46.22,15628,1601,4
VHSDSETDDIGFIPSK,PSD-95,B15-03048_1:1,582.944212,3,591.350074,1,y5,46.08,19556,2031,4
VHSDSETDDIGFIPSK,PSD-95,B15-03035_WB_2_GFPl,582.944212,3,444.28166,1,y4,48.66,761,288,5
VHSDSETDDIGFIPSK,PSD-95,B15-03036_WB_2_GFPl,582.944212,3,444.28166,1,y4,49.14,2486,60,3
VHSDSETDDIGFIPSK,PSD-95,B15-03037_WB_2_GFPl,582.944212,3,444.28166,1,y4,49.14,15646,562,4
VHSDSETDDIGFIPSK,PSD-95,B15-03038_1:625,582.944212,3,444.28166,1,y4,49.28,23399,830,4
VHSDSETDDIGFIPSK,PSD-95,B15-03039_1:625,582.944212,3,444.28166,1,y4,49.07,24426,1335,4
VHSDSETDDIGFIPSK,PSD-95,B15-03040_1:125,582.944212,3,444.28166,1,y4,48.87,30086,636,4
VHSDSETDDIGFIPSK,PSD-95,B15-03041_1:125,582.944212,3,444.28166,1,y4,48.87,22230,398,3
VHSDSETDDIGFIPSK,PSD-95,B15-03043_1:25,582.944212,3,444.28166,1,y4,48.53,19637,2544,4
VHSDSETDDIGFIPSK,PSD-95,B15-03044_1:25,582.944212,3,444.28166,1,y4,48.66,27731,462,4
VHSDSETDDIGFIPSK,PSD-95,B15-03045_1:5,582.944212,3,444.28166,1,y4,48.32,26313,224,4
VHSDSETDDIGFIPSK,PSD-95,B15-03046_1:5,582.944212,3,444.28166,1,y4,48.19,21702,2131,4
VHSDSETDDIGFIPSK,PSD-95,B15-03047_1:1,582.944212,3,444.28166,1,y4,46.15,16309,1786,3
VHSDSETDDIGFIPSK,PSD-95,B15-03048_1:1,582.944212,3,444.28166,1,y4,46.15,20589,2562,3
VHSDSETDDIGFIPSK,PSD-95,B15-03035_WB_2_GFPl,582.944212,3,331.197596,1,y3,48.66,2317,106,1
VHSDSETDDIGFIPSK,PSD-95,B15-03036_WB_2_GFPl,582.944212,3,331.197596,1,y3,49.14,3164,57,2
VHSDSETDDIGFIPSK,PSD-95,B15-03037_WB_2_GFPl,582.944212,3,331.197596,1,y3,49.14,97109,1358,2
VHSDSETDDIGFIPSK,PSD-95,B15-03038_1:625,582.944212,3,331.197596,1,y3,49.28,127110,590,2
VHSDSETDDIGFIPSK,PSD-95,B15-03039_1:625,582.944212,3,331.197596,1,y3,49.07,151429,4374,2
VHSDSETDDIGFIPSK,PSD-95,B15-03040_1:125,582.944212,3,331.197596,1,y3,48.87,154392,2194,2
VHSDSETDDIGFIPSK,PSD-95,B15-03041_1:125,582.944212,3,331.197596,1,y3,48.94,165714,4361,2
VHSDSETDDIGFIPSK,PSD-95,B15-03043_1:25,582.944212,3,331.197596,1,y3,48.53,133000,1821,2
VHSDSETDDIGFIPSK,PSD-95,B15-03044_1:25,582.944212,3,331.197596,1,y3,48.66,158761,891,2
VHSDSETDDIGFIPSK,PSD-95,B15-03045_1:5,582.944212,3,331.197596,1,y3,48.32,136290,9451,2
VHSDSETDDIGFIPSK,PSD-95,B15-03046_1:5,582.944212,3,331.197596,1,y3,48.19,155494,4618,2
VHSDSETDDIGFIPSK,PSD-95,B15-03047_1:1,582.944212,3,331.197596,1,y3,46.15,81350,2233,2
VHSDSETDDIGFIPSK,PSD-95,B15-03048_1:1,582.944212,3,331.197596,1,y3,46.08,119664,40,2
VHSDSETDDIGFIPSK,PSD-95,B15-03035_WB_2_GFPl,582.944212,3,546.782221,2,y10,48.53,2094,3542,2
VHSDSETDDIGFIPSK,PSD-95,B15-03036_WB_2_GFPl,582.944212,3,546.782221,2,y10,48.32,1183,707,4
VHSDSETDDIGFIPSK,PSD-95,B15-03037_WB_2_GFPl,582.944212,3,546.782221,2,y10,49,4052,4024,5
VHSDSETDDIGFIPSK,PSD-95,B15-03038_1:625,582.944212,3,546.782221,2,y10,49.28,3251,5806,5
VHSDSETDDIGFIPSK,PSD-95,B15-03039_1:625,582.944212,3,546.782221,2,y10,49,6555,3562,5
VHSDSETDDIGFIPSK,PSD-95,B15-03040_1:125,582.944212,3,546.782221,2,y10,48.87,4916,1789,5
VHSDSETDDIGFIPSK,PSD-95,B15-03041_1:125,582.944212,3,546.782221,2,y10,49,3717,5689,4
VHSDSETDDIGFIPSK,PSD-95,B15-03043_1:25,582.944212,3,546.782221,2,y10,48.46,4375,4696,5
VHSDSETDDIGFIPSK,PSD-95,B15-03044_1:25,582.944212,3,546.782221,2,y10,48.8,8736,2010,5
VHSDSETDDIGFIPSK,PSD-95,B15-03045_1:5,582.944212,3,546.782221,2,y10,48.32,2199,5250,5
VHSDSETDDIGFIPSK,PSD-95,B15-03046_1:5,582.944212,3,546.782221,2,y10,48.19,4759,495,5
VHSDSETDDIGFIPSK,PSD-95,B15-03047_1:1,582.944212,3,546.782221,2,y10,46.08,2313,36,5
VHSDSETDDIGFIPSK,PSD-95,B15-03048_1:1,582.944212,3,546.782221,2,y10,46.22,2449,381,5
VHSDSETDDIGFIPSK,PSD-95,B15-03035_WB_2_GFPl,585.615612,3,656.385737,1,y6,48.87,1939,512,5
VHSDSETDDIGFIPSK,PSD-95,B15-03037_WB_2_GFPl,585.615612,3,656.385737,1,y6,48.53,2832,59,5
VHSDSETDDIGFIPSK,PSD-95,B15-03039_1:625,585.615612,3,656.385737,1,y6,49.07,2776,36,2
VHSDSETDDIGFIPSK,PSD-95,B15-03040_1:125,585.615612,3,656.385737,1,y6,48.8,5887,44,2
VHSDSETDDIGFIPSK,PSD-95,B15-03041_1:125,585.615612,3,656.385737,1,y6,48.94,7895,47,2
VHSDSETDDIGFIPSK,PSD-95,B15-03043_1:25,585.615612,3,656.385737,1,y6,48.53,28807,33,1
VHSDSETDDIGFIPSK,PSD-95,B15-03044_1:25,585.615612,3,656.385737,1,y6,48.66,36478,30,1
VHSDSETDDIGFIPSK,PSD-95,B15-03045_1:5,585.615612,3,656.385737,1,y6,48.26,156603,4244,1
VHSDSETDDIGFIPSK,PSD-95,B15-03046_1:5,585.615612,3,656.385737,1,y6,48.12,197343,491,1
VHSDSETDDIGFIPSK,PSD-95,B15-03047_1:1,585.615612,3,656.385737,1,y6,46.15,449944,4973,1
VHSDSETDDIGFIPSK,PSD-95,B15-03048_1:1,585.615612,3,656.385737,1,y6,46.15,588568,1454,1
VHSDSETDDIGFIPSK,PSD-95,B15-03035_WB_2_GFPl,585.615612,3,599.364273,1,y5,48.8,3324,55,4
VHSDSETDDIGFIPSK,PSD-95,B15-03037_WB_2_GFPl,585.615612,3,599.364273,1,y5,48.46,4481,57,4
VHSDSETDDIGFIPSK,PSD-95,B15-03038_1:625,585.615612,3,599.364273,1,y5,49.07,919,586,3
VHSDSETDDIGFIPSK,PSD-95,B15-03039_1:625,585.615612,3,599.364273,1,y5,49,719,498,5
VHSDSETDDIGFIPSK,PSD-95,B15-03040_1:125,585.615612,3,599.364273,1,y5,49.14,2319,36,3
VHSDSETDDIGFIPSK,PSD-95,B15-03041_1:125,585.615612,3,599.364273,1,y5,48.8,3546,72,3
VHSDSETDDIGFIPSK,PSD-95,B15-03043_1:25,585.615612,3,599.364273,1,y5,48.53,4284,808,4
VHSDSETDDIGFIPSK,PSD-95,B15-03044_1:25,585.615612,3,599.364273,1,y5,48.66,6961,922,3
VHSDSETDDIGFIPSK,PSD-95,B15-03045_1:5,585.615612,3,599.364273,1,y5,48.32,22922,2186,3
VHSDSETDDIGFIPSK,PSD-95,B15-03046_1:5,585.615612,3,599.364273,1,y5,48.12,33227,300,3
VHSDSETDDIGFIPSK,PSD-95,B15-03047_1:1,585.615612,3,599.364273,1,y5,46.15,73927,774,3
VHSDSETDDIGFIPSK,PSD-95,B15-03048_1:1,585.615612,3,599.364273,1,y5,46.08,75361,5126,3
VHSDSETDDIGFIPSK,PSD-95,B15-03035_WB_2_GFPl,585.615612,3,452.295859,1,y4,48.8,7146,55,2
VHSDSETDDIGFIPSK,PSD-95,B15-03036_WB_2_GFPl,585.615612,3,452.295859,1,y4,48.66,5850,372,2
VHSDSETDDIGFIPSK,PSD-95,B15-03037_WB_2_GFPl,585.615612,3,452.295859,1,y4,48.46,4668,109,3
VHSDSETDDIGFIPSK,PSD-95,B15-03038_1:625,585.615612,3,452.295859,1,y4,49.55,1382,154,2
VHSDSETDDIGFIPSK,PSD-95,B15-03039_1:625,585.615612,3,452.295859,1,y4,48.87,2733,101,3
VHSDSETDDIGFIPSK,PSD-95,B15-03040_1:125,585.615612,3,452.295859,1,y4,49,1748,36,4
VHSDSETDDIGFIPSK,PSD-95,B15-03041_1:125,585.615612,3,452.295859,1,y4,48.6,1397,51,5
VHSDSETDDIGFIPSK,PSD-95,B15-03043_1:25,585.615612,3,452.295859,1,y4,48.53,5883,32,3
VHSDSETDDIGFIPSK,PSD-95,B15-03044_1:25,585.615612,3,452.295859,1,y4,48.66,5260,273,4
VHSDSETDDIGFIPSK,PSD-95,B15-03045_1:5,585.615612,3,452.295859,1,y4,48.32,22781,34,4
VHSDSETDDIGFIPSK,PSD-95,B15-03046_1:5,585.615612,3,452.295859,1,y4,48.19,19705,974,4
VHSDSETDDIGFIPSK,PSD-95,B15-03047_1:1,585.615612,3,452.295859,1,y4,46.15,52066,3353,4
VHSDSETDDIGFIPSK,PSD-95,B15-03048_1:1,585.615612,3,452.295859,1,y4,46.08,63859,5156,4
VHSDSETDDIGFIPSK,PSD-95,B15-03035_WB_2_GFPl,585.615612,3,339.211795,1,y3,48.8,7824,6577,1
VHSDSETDDIGFIPSK,PSD-95,B15-03036_WB_2_GFPl,585.615612,3,339.211795,1,y3,48.73,10629,1335,1
VHSDSETDDIGFIPSK,PSD-95,B15-03037_WB_2_GFPl,585.615612,3,339.211795,1,y3,48.46,10318,1260,1
VHSDSETDDIGFIPSK,PSD-95,B15-03038_1:625,585.615612,3,339.211795,1,y3,49.28,3543,668,1
VHSDSETDDIGFIPSK,PSD-95,B15-03039_1:625,585.615612,3,339.211795,1,y3,49.34,4462,2537,1
VHSDSETDDIGFIPSK,PSD-95,B15-03040_1:125,585.615612,3,339.211795,1,y3,48.8,8901,42,1
VHSDSETDDIGFIPSK,PSD-95,B15-03041_1:125,585.615612,3,339.211795,1,y3,48.8,8556,460,1
VHSDSETDDIGFIPSK,PSD-95,B15-03043_1:25,585.615612,3,339.211795,1,y3,48.46,25328,1948,2
VHSDSETDDIGFIPSK,PSD-95,B15-03044_1:25,585.615612,3,339.211795,1,y3,48.73,25170,4057,2
VHSDSETDDIGFIPSK,PSD-95,B15-03045_1:5,585.615612,3,339.211795,1,y3,48.26,113756,809,2
VHSDSETDDIGFIPSK,PSD-95,B15-03046_1:5,585.615612,3,339.211795,1,y3,48.19,132850,5735,2
VHSDSETDDIGFIPSK,PSD-95,B15-03047_1:1,585.615612,3,339.211795,1,y3,46.15,320908,10219,2
VHSDSETDDIGFIPSK,PSD-95,B15-03048_1:1,585.615612,3,339.211795,1,y3,46.15,412438,18267,2
VHSDSETDDIGFIPSK,PSD-95,B15-03035_WB_2_GFPl,585.615612,3,550.789321,2,y10,48.8,4249,50,3
VHSDSETDDIGFIPSK,PSD-95,B15-03037_WB_2_GFPl,585.615612,3,550.789321,2,y10,48.46,5232,1047,2
VHSDSETDDIGFIPSK,PSD-95,B15-03038_1:625,585.615612,3,550.789321,2,y10,49.41,406,215,4
VHSDSETDDIGFIPSK,PSD-95,B15-03039_1:625,585.615612,3,550.789321,2,y10,49.14,1470,34,4
VHSDSETDDIGFIPSK,PSD-95,B15-03040_1:125,585.615612,3,550.789321,2,y10,49.14,172,35,5
VHSDSETDDIGFIPSK,PSD-95,B15-03041_1:125,585.615612,3,550.789321,2,y10,48.8,2052,747,4
VHSDSETDDIGFIPSK,PSD-95,B15-03043_1:25,585.615612,3,550.789321,2,y10,48.46,1387,31,5
VHSDSETDDIGFIPSK,PSD-95,B15-03044_1:25,585.615612,3,550.789321,2,y10,48.66,3646,37,5
VHSDSETDDIGFIPSK,PSD-95,B15-03047_1:1,585.615612,3,550.789321,2,y10,46.15,43291,32,5
VHSDSETDDIGFIPSK,PSD-95,B15-03048_1:1,585.615612,3,550.789321,2,y10,46.08,49133,3147,5
ANDDLLSEFPDK,PSD-95,B15-03035_WB_2_GFPl,682.322439,2,835.41961,1,y7,64.47,16451,875,4
ANDDLLSEFPDK,PSD-95,B15-03036_WB_2_GFPl,682.322439,2,835.41961,1,y7,64.47,13734,102,4
ANDDLLSEFPDK,PSD-95,B15-03037_WB_2_GFPl,682.322439,2,835.41961,1,y7,64.33,26388,56,3
ANDDLLSEFPDK,PSD-95,B15-03038_1:625,682.322439,2,835.41961,1,y7,64.53,26580,274,3
ANDDLLSEFPDK,PSD-95,B15-03039_1:625,682.322439,2,835.41961,1,y7,64.13,26044,38,3
ANDDLLSEFPDK,PSD-95,B15-03040_1:125,682.322439,2,835.41961,1,y7,64.06,25703,39,3
ANDDLLSEFPDK,PSD-95,B15-03041_1:125,682.322439,2,835.41961,1,y7,63.99,30799,147,3
ANDDLLSEFPDK,PSD-95,B15-03043_1:25,682.322439,2,835.41961,1,y7,63.99,20823,148,3
ANDDLLSEFPDK,PSD-95,B15-03044_1:25,682.322439,2,835.41961,1,y7,63.99,26669,196,3
ANDDLLSEFPDK,PSD-95,B15-03045_1:5,682.322439,2,835.41961,1,y7,63.65,31628,223,3
ANDDLLSEFPDK,PSD-95,B15-03046_1:5,682.322439,2,835.41961,1,y7,63.65,27872,42,3
ANDDLLSEFPDK,PSD-95,B15-03047_1:1,682.322439,2,835.41961,1,y7,62.29,24883,388,3
ANDDLLSEFPDK,PSD-95,B15-03048_1:1,682.322439,2,835.41961,1,y7,62.22,28057,816,3
ANDDLLSEFPDK,PSD-95,B15-03035_WB_2_GFPl,682.322439,2,722.335546,1,y6,64.47,20209,1620,2
ANDDLLSEFPDK,PSD-95,B15-03036_WB_2_GFPl,682.322439,2,722.335546,1,y6,64.47,18211,109,2
ANDDLLSEFPDK,PSD-95,B15-03037_WB_2_GFPl,682.322439,2,722.335546,1,y6,64.33,35480,2088,2
ANDDLLSEFPDK,PSD-95,B15-03038_1:625,682.322439,2,722.335546,1,y6,64.53,38273,159,2
ANDDLLSEFPDK,PSD-95,B15-03039_1:625,682.322439,2,722.335546,1,y6,64.26,46256,69,1
ANDDLLSEFPDK,PSD-95,B15-03040_1:125,682.322439,2,722.335546,1,y6,64.19,34161,40,1
ANDDLLSEFPDK,PSD-95,B15-03041_1:125,682.322439,2,722.335546,1,y6,63.99,36492,140,2
ANDDLLSEFPDK,PSD-95,B15-03043_1:25,682.322439,2,722.335546,1,y6,63.99,28638,142,1
ANDDLLSEFPDK,PSD-95,B15-03044_1:25,682.322439,2,722.335546,1,y6,63.99,31324,90,2
ANDDLLSEFPDK,PSD-95,B15-03045_1:5,682.322439,2,722.335546,1,y6,63.51,38674,150,1
ANDDLLSEFPDK,PSD-95,B15-03046_1:5,682.322439,2,722.335546,1,y6,63.65,39415,397,1
ANDDLLSEFPDK,PSD-95,B15-03047_1:1,682.322439,2,722.335546,1,y6,62.36,29491,115,2
ANDDLLSEFPDK,PSD-95,B15-03048_1:1,682.322439,2,722.335546,1,y6,62.22,31463,853,2
ANDDLLSEFPDK,PSD-95,B15-03035_WB_2_GFPl,682.322439,2,635.303518,1,y5,63.99,17408,61,3
ANDDLLSEFPDK,PSD-95,B15-03036_WB_2_GFPl,682.322439,2,635.303518,1,y5,63.99,20005,164,1
ANDDLLSEFPDK,PSD-95,B15-03037_WB_2_GFPl,682.322439,2,635.303518,1,y5,63.72,25774,2261,4
ANDDLLSEFPDK,PSD-95,B15-03038_1:625,682.322439,2,635.303518,1,y5,64.4,7481,3927,5
ANDDLLSEFPDK,PSD-95,B15-03035_WB_2_GFPl,682.322439,2,506.260925,1,y4,64.47,9397,57,5
ANDDLLSEFPDK,PSD-95,B15-03036_WB_2_GFPl,682.322439,2,506.260925,1,y4,64.47,11739,188,5
ANDDLLSEFPDK,PSD-95,B15-03037_WB_2_GFPl,682.322439,2,506.260925,1,y4,64.26,15356,1581,5
ANDDLLSEFPDK,PSD-95,B15-03038_1:625,682.322439,2,506.260925,1,y4,64.47,21204,40,4
ANDDLLSEFPDK,PSD-95,B15-03039_1:625,682.322439,2,506.260925,1,y4,64.13,19650,67,4
ANDDLLSEFPDK,PSD-95,B15-03040_1:125,682.322439,2,506.260925,1,y4,64.13,20914,39,4
ANDDLLSEFPDK,PSD-95,B15-03041_1:125,682.322439,2,506.260925,1,y4,63.99,17540,42,4
ANDDLLSEFPDK,PSD-95,B15-03043_1:25,682.322439,2,506.260925,1,y4,63.99,14165,525,4
ANDDLLSEFPDK,PSD-95,B15-03044_1:25,682.322439,2,506.260925,1,y4,63.99,16123,33,4
ANDDLLSEFPDK,PSD-95,B15-03045_1:5,682.322439,2,506.260925,1,y4,63.58,21314,154,4
ANDDLLSEFPDK,PSD-95,B15-03046_1:5,682.322439,2,506.260925,1,y4,63.65,21841,237,4
ANDDLLSEFPDK,PSD-95,B15-03047_1:1,682.322439,2,506.260925,1,y4,62.22,20869,275,4
ANDDLLSEFPDK,PSD-95,B15-03048_1:1,682.322439,2,506.260925,1,y4,62.15,16910,368,4
ANDDLLSEFPDK,PSD-95,B15-03035_WB_2_GFPl,682.322439,2,359.192511,1,y3,64.47,21190,4376,1
ANDDLLSEFPDK,PSD-95,B15-03036_WB_2_GFPl,682.322439,2,359.192511,1,y3,64.47,17548,2482,3
ANDDLLSEFPDK,PSD-95,B15-03037_WB_2_GFPl,682.322439,2,359.192511,1,y3,64.33,46080,56,1
ANDDLLSEFPDK,PSD-95,B15-03038_1:625,682.322439,2,359.192511,1,y3,64.53,42390,3646,1
ANDDLLSEFPDK,PSD-95,B15-03039_1:625,682.322439,2,359.192511,1,y3,64.19,39636,4753,2
ANDDLLSEFPDK,PSD-95,B15-03040_1:125,682.322439,2,359.192511,1,y3,64.06,33681,55,2
ANDDLLSEFPDK,PSD-95,B15-03041_1:125,682.322439,2,359.192511,1,y3,64.06,41390,796,1
ANDDLLSEFPDK,PSD-95,B15-03043_1:25,682.322439,2,359.192511,1,y3,63.92,28474,314,2
ANDDLLSEFPDK,PSD-95,B15-03044_1:25,682.322439,2,359.192511,1,y3,63.99,34398,36,1
ANDDLLSEFPDK,PSD-95,B15-03045_1:5,682.322439,2,359.192511,1,y3,63.58,37226,1130,2
ANDDLLSEFPDK,PSD-95,B15-03046_1:5,682.322439,2,359.192511,1,y3,63.58,38188,10265,2
ANDDLLSEFPDK,PSD-95,B15-03047_1:1,682.322439,2,359.192511,1,y3,62.36,40124,197,1
ANDDLLSEFPDK,PSD-95,B15-03048_1:1,682.322439,2,359.192511,1,y3,62.22,36527,4795,1
ANDDLLSEFPDK,PSD-95,B15-03036_WB_2_GFPl,686.329538,2,843.433809,1,y7,64.06,944,62,4
ANDDLLSEFPDK,PSD-95,B15-03037_WB_2_GFPl,686.329538,2,843.433809,1,y7,63.99,123,53,5
ANDDLLSEFPDK,PSD-95,B15-03038_1:625,686.329538,2,843.433809,1,y7,64.67,521,48,2
ANDDLLSEFPDK,PSD-95,B15-03039_1:625,686.329538,2,843.433809,1,y7,64.06,951,39,3
ANDDLLSEFPDK,PSD-95,B15-03040_1:125,686.329538,2,843.433809,1,y7,64.06,2134,39,4
ANDDLLSEFPDK,PSD-95,B15-03041_1:125,686.329538,2,843.433809,1,y7,63.99,3734,36,3
ANDDLLSEFPDK,PSD-95,B15-03043_1:25,686.329538,2,843.433809,1,y7,63.92,11903,66,3
ANDDLLSEFPDK,PSD-95,B15-03044_1:25,686.329538,2,843.433809,1,y7,63.99,13413,35,3
ANDDLLSEFPDK,PSD-95,B15-03045_1:5,686.329538,2,843.433809,1,y7,63.58,99263,48,3
ANDDLLSEFPDK,PSD-95,B15-03046_1:5,686.329538,2,843.433809,1,y7,63.65,96912,2219,3
ANDDLLSEFPDK,PSD-95,B15-03047_1:1,686.329538,2,843.433809,1,y7,62.29,383701,561,3
ANDDLLSEFPDK,PSD-95,B15-03048_1:1,686.329538,2,843.433809,1,y7,62.22,335445,8337,3
ANDDLLSEFPDK,PSD-95,B15-03036_WB_2_GFPl,686.329538,2,730.349745,1,y6,63.85,470,57,5
ANDDLLSEFPDK,PSD-95,B15-03037_WB_2_GFPl,686.329538,2,730.349745,1,y6,63.65,1273,52,3
ANDDLLSEFPDK,PSD-95,B15-03038_1:625,686.329538,2,730.349745,1,y6,64.26,413,40,3
ANDDLLSEFPDK,PSD-95,B15-03039_1:625,686.329538,2,730.349745,1,y6,64.13,852,39,4
ANDDLLSEFPDK,PSD-95,B15-03040_1:125,686.329538,2,730.349745,1,y6,64.19,3075,41,3
ANDDLLSEFPDK,PSD-95,B15-03041_1:125,686.329538,2,730.349745,1,y6,64.06,4814,109,1
ANDDLLSEFPDK,PSD-95,B15-03043_1:25,686.329538,2,730.349745,1,y6,63.99,19389,28,1
ANDDLLSEFPDK,PSD-95,B15-03044_1:25,686.329538,2,730.349745,1,y6,63.92,15025,36,2
ANDDLLSEFPDK,PSD-95,B15-03045_1:5,686.329538,2,730.349745,1,y6,63.58,136728,168,1
ANDDLLSEFPDK,PSD-95,B15-03046_1:5,686.329538,2,730.349745,1,y6,63.65,121024,5824,1
ANDDLLSEFPDK,PSD-95,B15-03047_1:1,686.329538,2,730.349745,1,y6,62.29,473936,3296,2
ANDDLLSEFPDK,PSD-95,B15-03048_1:1,686.329538,2,730.349745,1,y6,62.22,481330,4315,1
ANDDLLSEFPDK,PSD-95,B15-03035_WB_2_GFPl,686.329538,2,643.317717,1,y5,64.26,3782,695,1
ANDDLLSEFPDK,PSD-95,B15-03036_WB_2_GFPl,686.329538,2,643.317717,1,y5,63.58,4490,1227,1
ANDDLLSEFPDK,PSD-95,B15-03037_WB_2_GFPl,686.329538,2,643.317717,1,y5,63.51,2352,202,1
ANDDLLSEFPDK,PSD-95,B15-03039_1:625,686.329538,2,643.317717,1,y5,64.19,1637,117,1
ANDDLLSEFPDK,PSD-95,B15-03043_1:25,686.329538,2,643.317717,1,y5,63.99,5631,35,5
ANDDLLSEFPDK,PSD-95,B15-03044_1:25,686.329538,2,643.317717,1,y5,63.99,4564,65,5
ANDDLLSEFPDK,PSD-95,B15-03045_1:5,686.329538,2,643.317717,1,y5,63.58,30844,36,5
ANDDLLSEFPDK,PSD-95,B15-03046_1:5,686.329538,2,643.317717,1,y5,63.58,26171,319,5
ANDDLLSEFPDK,PSD-95,B15-03047_1:1,686.329538,2,643.317717,1,y5,62.29,80903,49,5
ANDDLLSEFPDK,PSD-95,B15-03048_1:1,686.329538,2,643.317717,1,y5,62.22,86274,3263,5
ANDDLLSEFPDK,PSD-95,B15-03036_WB_2_GFPl,686.329538,2,514.275124,1,y4,64.47,2058,451,2
ANDDLLSEFPDK,PSD-95,B15-03037_WB_2_GFPl,686.329538,2,514.275124,1,y4,64.19,1923,54,2
ANDDLLSEFPDK,PSD-95,B15-03038_1:625,686.329538,2,514.275124,1,y4,64.47,890,38,1
ANDDLLSEFPDK,PSD-95,B15-03039_1:625,686.329538,2,514.275124,1,y4,64.06,1065,40,2
ANDDLLSEFPDK,PSD-95,B15-03040_1:125,686.329538,2,514.275124,1,y4,64.19,5651,121,1
ANDDLLSEFPDK,PSD-95,B15-03041_1:125,686.329538,2,514.275124,1,y4,63.99,3331,873,4
ANDDLLSEFPDK,PSD-95,B15-03043_1:25,686.329538,2,514.275124,1,y4,63.85,9574,34,4
ANDDLLSEFPDK,PSD-95,B15-03044_1:25,686.329538,2,514.275124,1,y4,63.99,9926,864,4
ANDDLLSEFPDK,PSD-95,B15-03045_1:5,686.329538,2,514.275124,1,y4,63.58,63679,48,4
ANDDLLSEFPDK,PSD-95,B15-03046_1:5,686.329538,2,514.275124,1,y4,63.65,66717,60,4
ANDDLLSEFPDK,PSD-95,B15-03047_1:1,686.329538,2,514.275124,1,y4,62.22,249119,4306,4
ANDDLLSEFPDK,PSD-95,B15-03048_1:1,686.329538,2,514.275124,1,y4,62.22,247369,2956,4
ANDDLLSEFPDK,PSD-95,B15-03036_WB_2_GFPl,686.329538,2,367.20671,1,y3,64.33,1792,64,3
ANDDLLSEFPDK,PSD-95,B15-03037_WB_2_GFPl,686.329538,2,367.20671,1,y3,63.85,1039,54,4
ANDDLLSEFPDK,PSD-95,B15-03039_1:625,686.329538,2,367.20671,1,y3,64.19,368,53,5
ANDDLLSEFPDK,PSD-95,B15-03040_1:125,686.329538,2,367.20671,1,y3,64.06,3240,39,2
ANDDLLSEFPDK,PSD-95,B15-03041_1:125,686.329538,2,367.20671,1,y3,64.06,3756,36,2
ANDDLLSEFPDK,PSD-95,B15-03043_1:25,686.329538,2,367.20671,1,y3,63.99,15998,261,2
ANDDLLSEFPDK,PSD-95,B15-03044_1:25,686.329538,2,367.20671,1,y3,63.99,16349,42,1
ANDDLLSEFPDK,PSD-95,B15-03045_1:5,686.329538,2,367.20671,1,y3,63.58,123263,2848,2
ANDDLLSEFPDK,PSD-95,B15-03046_1:5,686.329538,2,367.20671,1,y3,63.65,111245,2691,2
ANDDLLSEFPDK,PSD-95,B15-03047_1:1,686.329538,2,367.20671,1,y3,62.29,479629,7142,1
ANDDLLSEFPDK,PSD-95,B15-03048_1:1,686.329538,2,367.20671,1,y3,62.22,475005,11170,2
HCILDVSANAVR,PSD-95,B15-03035_WB_2_GFPl,677.848435,2,1057.600034,1,y10,48.01,16,54,3
HCILDVSANAVR,PSD-95,B15-03036_WB_2_GFPl,677.848435,2,1057.600034,1,y10,48.14,4053,55,1
HCILDVSANAVR,PSD-95,B15-03037_WB_2_GFPl,677.848435,2,1057.600034,1,y10,48.08,56656,59,1
HCILDVSANAVR,PSD-95,B15-03038_1:625,677.848435,2,1057.600034,1,y10,48.21,92156,33,1
HCILDVSANAVR,PSD-95,B15-03039_1:625,677.848435,2,1057.600034,1,y10,47.94,112102,50,1
HCILDVSANAVR,PSD-95,B15-03040_1:125,677.848435,2,1057.600034,1,y10,47.74,80650,60,1
HCILDVSANAVR,PSD-95,B15-03041_1:125,677.848435,2,1057.600034,1,y10,47.8,100441,44,1
HCILDVSANAVR,PSD-95,B15-03043_1:25,677.848435,2,1057.600034,1,y10,47.46,83702,101,1
HCILDVSANAVR,PSD-95,B15-03044_1:25,677.848435,2,1057.600034,1,y10,47.53,100857,73,1
HCILDVSANAVR,PSD-95,B15-03045_1:5,677.848435,2,1057.600034,1,y10,47.19,105689,36,1
HCILDVSANAVR,PSD-95,B15-03046_1:5,677.848435,2,1057.600034,1,y10,47.06,96150,37,1
HCILDVSANAVR,PSD-95,B15-03047_1:1,677.848435,2,1057.600034,1,y10,45.15,86159,44,1
HCILDVSANAVR,PSD-95,B15-03048_1:1,677.848435,2,1057.600034,1,y10,45.08,109927,3038,1
HCILDVSANAVR,PSD-95,B15-03035_WB_2_GFPl,677.848435,2,944.51597,1,y9,47.33,3,53,5
HCILDVSANAVR,PSD-95,B15-03036_WB_2_GFPl,677.848435,2,944.51597,1,y9,48.14,2722,52,3
HCILDVSANAVR,PSD-95,B15-03037_WB_2_GFPl,677.848435,2,944.51597,1,y9,48.01,44620,513,3
HCILDVSANAVR,PSD-95,B15-03038_1:625,677.848435,2,944.51597,1,y9,48.21,72818,32,2
HCILDVSANAVR,PSD-95,B15-03039_1:625,677.848435,2,944.51597,1,y9,47.87,97950,832,2
HCILDVSANAVR,PSD-95,B15-03040_1:125,677.848435,2,944.51597,1,y9,47.74,77489,97,2
HCILDVSANAVR,PSD-95,B15-03041_1:125,677.848435,2,944.51597,1,y9,47.8,80982,401,2
HCILDVSANAVR,PSD-95,B15-03043_1:25,677.848435,2,944.51597,1,y9,47.46,63980,49,2
HCILDVSANAVR,PSD-95,B15-03044_1:25,677.848435,2,944.51597,1,y9,47.53,72840,41,2
HCILDVSANAVR,PSD-95,B15-03045_1:5,677.848435,2,944.51597,1,y9,47.19,88119,67,2
HCILDVSANAVR,PSD-95,B15-03046_1:5,677.848435,2,944.51597,1,y9,47.12,86088,35,2
HCILDVSANAVR,PSD-95,B15-03047_1:1,677.848435,2,944.51597,1,y9,45.15,60872,32,2
HCILDVSANAVR,PSD-95,B15-03048_1:1,677.848435,2,944.51597,1,y9,45.08,78705,32,3
HCILDVSANAVR,PSD-95,B15-03035_WB_2_GFPl,677.848435,2,831.431906,1,y8,47.67,99,56,2
HCILDVSANAVR,PSD-95,B15-03036_WB_2_GFPl,677.848435,2,831.431906,1,y8,48.14,1690,129,4
HCILDVSANAVR,PSD-95,B15-03037_WB_2_GFPl,677.848435,2,831.431906,1,y8,48.08,27376,468,4
HCILDVSANAVR,PSD-95,B15-03038_1:625,677.848435,2,831.431906,1,y8,48.21,47056,32,4
HCILDVSANAVR,PSD-95,B15-03039_1:625,677.848435,2,831.431906,1,y8,47.94,57567,48,4
HCILDVSANAVR,PSD-95,B15-03040_1:125,677.848435,2,831.431906,1,y8,47.74,51301,405,4
HCILDVSANAVR,PSD-95,B15-03041_1:125,677.848435,2,831.431906,1,y8,47.8,52458,39,4
HCILDVSANAVR,PSD-95,B15-03043_1:25,677.848435,2,831.431906,1,y8,47.46,43250,45,4
HCILDVSANAVR,PSD-95,B15-03044_1:25,677.848435,2,831.431906,1,y8,47.53,54886,1395,4
HCILDVSANAVR,PSD-95,B15-03045_1:5,677.848435,2,831.431906,1,y8,47.26,55113,49,4
HCILDVSANAVR,PSD-95,B15-03046_1:5,677.848435,2,831.431906,1,y8,47.12,61485,49,4
HCILDVSANAVR,PSD-95,B15-03047_1:1,677.848435,2,831.431906,1,y8,45.15,37012,69,4
HCILDVSANAVR,PSD-95,B15-03048_1:1,677.848435,2,831.431906,1,y8,45.08,57999,1732,4
HCILDVSANAVR,PSD-95,B15-03035_WB_2_GFPl,677.848435,2,716.404963,1,y7,48.01,8,53,4
HCILDVSANAVR,PSD-95,B15-03036_WB_2_GFPl,677.848435,2,716.404963,1,y7,48.14,3180,154,2
HCILDVSANAVR,PSD-95,B15-03037_WB_2_GFPl,677.848435,2,716.404963,1,y7,48.01,45027,1457,2
HCILDVSANAVR,PSD-95,B15-03038_1:625,677.848435,2,716.404963,1,y7,48.21,64501,1736,3
HCILDVSANAVR,PSD-95,B15-03039_1:625,677.848435,2,716.404963,1,y7,47.94,83711,46,3
HCILDVSANAVR,PSD-95,B15-03040_1:125,677.848435,2,716.404963,1,y7,47.74,66266,58,3
HCILDVSANAVR,PSD-95,B15-03041_1:125,677.848435,2,716.404963,1,y7,47.8,73133,39,3
HCILDVSANAVR,PSD-95,B15-03043_1:25,677.848435,2,716.404963,1,y7,47.4,63321,290,3
HCILDVSANAVR,PSD-95,B15-03044_1:25,677.848435,2,716.404963,1,y7,47.53,72070,41,3
HCILDVSANAVR,PSD-95,B15-03045_1:5,677.848435,2,716.404963,1,y7,47.19,86685,38,3
HCILDVSANAVR,PSD-95,B15-03046_1:5,677.848435,2,716.404963,1,y7,47.12,73608,1722,3
HCILDVSANAVR,PSD-95,B15-03047_1:1,677.848435,2,716.404963,1,y7,45.15,56789,177,3
HCILDVSANAVR,PSD-95,B15-03048_1:1,677.848435,2,716.404963,1,y7,45.08,79432,596,2
HCILDVSANAVR,PSD-95,B15-03035_WB_2_GFPl,677.848435,2,617.336549,1,y6,48.08,207,63,1
HCILDVSANAVR,PSD-95,B15-03036_WB_2_GFPl,677.848435,2,617.336549,1,y6,48.14,1643,54,5
HCILDVSANAVR,PSD-95,B15-03037_WB_2_GFPl,677.848435,2,617.336549,1,y6,48.08,20528,56,5
HCILDVSANAVR,PSD-95,B15-03038_1:625,677.848435,2,617.336549,1,y6,48.21,34459,68,5
HCILDVSANAVR,PSD-95,B15-03039_1:625,677.848435,2,617.336549,1,y6,47.87,45563,46,5
HCILDVSANAVR,PSD-95,B15-03040_1:125,677.848435,2,617.336549,1,y6,47.74,38264,55,5
HCILDVSANAVR,PSD-95,B15-03041_1:125,677.848435,2,617.336549,1,y6,47.8,38493,625,5
HCILDVSANAVR,PSD-95,B15-03043_1:25,677.848435,2,617.336549,1,y6,47.4,34568,46,5
HCILDVSANAVR,PSD-95,B15-03044_1:25,677.848435,2,617.336549,1,y6,47.53,35849,2384,5
HCILDVSANAVR,PSD-95,B15-03045_1:5,677.848435,2,617.336549,1,y6,47.19,43732,37,5
HCILDVSANAVR,PSD-95,B15-03046_1:5,677.848435,2,617.336549,1,y6,47.12,49295,1808,5
HCILDVSANAVR,PSD-95,B15-03047_1:1,677.848435,2,617.336549,1,y6,45.15,29706,264,5
HCILDVSANAVR,PSD-95,B15-03048_1:1,677.848435,2,617.336549,1,y6,45.08,43042,63,5
HCILDVSANAVR,PSD-95,B15-03035_WB_2_GFPl,682.85257,2,1067.608303,1,y10,48.01,8232,55,1
HCILDVSANAVR,PSD-95,B15-03036_WB_2_GFPl,682.85257,2,1067.608303,1,y10,47.8,14166,56,1
HCILDVSANAVR,PSD-95,B15-03037_WB_2_GFPl,682.85257,2,1067.608303,1,y10,47.53,16411,59,1
HCILDVSANAVR,PSD-95,B15-03038_1:625,682.85257,2,1067.608303,1,y10,48.01,1050,65,2
HCILDVSANAVR,PSD-95,B15-03039_1:625,682.85257,2,1067.608303,1,y10,47.67,389,127,2
HCILDVSANAVR,PSD-95,B15-03040_1:125,682.85257,2,1067.608303,1,y10,47.46,2202,49,1
HCILDVSANAVR,PSD-95,B15-03041_1:125,682.85257,2,1067.608303,1,y10,47.8,2591,327,1
HCILDVSANAVR,PSD-95,B15-03043_1:25,682.85257,2,1067.608303,1,y10,47.4,6637,47,1
HCILDVSANAVR,PSD-95,B15-03044_1:25,682.85257,2,1067.608303,1,y10,47.67,5387,831,1
HCILDVSANAVR,PSD-95,B15-03045_1:5,682.85257,2,1067.608303,1,y10,47.19,38628,1320,1
HCILDVSANAVR,PSD-95,B15-03046_1:5,682.85257,2,1067.608303,1,y10,47.12,38039,4214,1
HCILDVSANAVR,PSD-95,B15-03047_1:1,682.85257,2,1067.608303,1,y10,45.15,143746,104,1
HCILDVSANAVR,PSD-95,B15-03048_1:1,682.85257,2,1067.608303,1,y10,45.08,184193,1177,1
HCILDVSANAVR,PSD-95,B15-03035_WB_2_GFPl,682.85257,2,954.524239,1,y9,47.94,26,52,4
HCILDVSANAVR,PSD-95,B15-03036_WB_2_GFPl,682.85257,2,954.524239,1,y9,47.67,446,55,3
HCILDVSANAVR,PSD-95,B15-03037_WB_2_GFPl,682.85257,2,954.524239,1,y9,47.6,18,57,5
HCILDVSANAVR,PSD-95,B15-03038_1:625,682.85257,2,954.524239,1,y9,48.35,72,31,5
HCILDVSANAVR,PSD-95,B15-03039_1:625,682.85257,2,954.524239,1,y9,48.08,36,46,4
HCILDVSANAVR,PSD-95,B15-03040_1:125,682.85257,2,954.524239,1,y9,48.28,14,48,5
HCILDVSANAVR,PSD-95,B15-03041_1:125,682.85257,2,954.524239,1,y9,47.94,1433,46,3
HCILDVSANAVR,PSD-95,B15-03043_1:25,682.85257,2,954.524239,1,y9,47.6,2805,45,4
HCILDVSANAVR,PSD-95,B15-03044_1:25,682.85257,2,954.524239,1,y9,47.46,5183,40,2
HCILDVSANAVR,PSD-95,B15-03045_1:5,682.85257,2,954.524239,1,y9,47.19,28128,37,3
HCILDVSANAVR,PSD-95,B15-03046_1:5,682.85257,2,954.524239,1,y9,47.12,30033,35,2
HCILDVSANAVR,PSD-95,B15-03047_1:1,682.85257,2,954.524239,1,y9,45.15,108784,1004,2
HCILDVSANAVR,PSD-95,B15-03048_1:1,682.85257,2,954.524239,1,y9,45.08,147252,32,2
HCILDVSANAVR,PSD-95,B15-03035_WB_2_GFPl,682.85257,2,841.440175,1,y8,47.8,19,53,5
HCILDVSANAVR,PSD-95,B15-03036_WB_2_GFPl,682.85257,2,841.440175,1,y8,47.67,194,53,4
HCILDVSANAVR,PSD-95,B15-03037_WB_2_GFPl,682.85257,2,841.440175,1,y8,47.4,116,55,3
HCILDVSANAVR,PSD-95,B15-03038_1:625,682.85257,2,841.440175,1,y8,48.48,333,37,4
HCILDVSANAVR,PSD-95,B15-03039_1:625,682.85257,2,841.440175,1,y8,48.01,34,47,5
HCILDVSANAVR,PSD-95,B15-03040_1:125,682.85257,2,841.440175,1,y8,47.74,333,54,4
HCILDVSANAVR,PSD-95,B15-03041_1:125,682.85257,2,841.440175,1,y8,48.08,441,39,4
HCILDVSANAVR,PSD-95,B15-03043_1:25,682.85257,2,841.440175,1,y8,47.46,3228,46,3
HCILDVSANAVR,PSD-95,B15-03044_1:25,682.85257,2,841.440175,1,y8,47.53,4115,40,4
HCILDVSANAVR,PSD-95,B15-03045_1:5,682.85257,2,841.440175,1,y8,47.19,20715,63,4
HCILDVSANAVR,PSD-95,B15-03046_1:5,682.85257,2,841.440175,1,y8,47.12,19564,1409,4
HCILDVSANAVR,PSD-95,B15-03047_1:1,682.85257,2,841.440175,1,y8,45.15,74464,33,4
HCILDVSANAVR,PSD-95,B15-03048_1:1,682.85257,2,841.440175,1,y8,45.08,90162,62,4
HCILDVSANAVR,PSD-95,B15-03035_WB_2_GFPl,682.85257,2,726.413232,1,y7,47.33,79,52,3
HCILDVSANAVR,PSD-95,B15-03036_WB_2_GFPl,682.85257,2,726.413232,1,y7,47.46,748,52,2
HCILDVSANAVR,PSD-95,B15-03037_WB_2_GFPl,682.85257,2,726.413232,1,y7,47.46,461,76,2
HCILDVSANAVR,PSD-95,B15-03038_1:625,682.85257,2,726.413232,1,y7,48.21,713,32,3
HCILDVSANAVR,PSD-95,B15-03039_1:625,682.85257,2,726.413232,1,y7,48.08,690,49,1
HCILDVSANAVR,PSD-95,B15-03040_1:125,682.85257,2,726.413232,1,y7,47.94,559,54,2
HCILDVSANAVR,PSD-95,B15-03041_1:125,682.85257,2,726.413232,1,y7,47.8,1702,40,2
HCILDVSANAVR,PSD-95,B15-03043_1:25,682.85257,2,726.413232,1,y7,47.33,4444,50,2
HCILDVSANAVR,PSD-95,B15-03044_1:25,682.85257,2,726.413232,1,y7,47.53,4539,90,3
HCILDVSANAVR,PSD-95,B15-03045_1:5,682.85257,2,726.413232,1,y7,47.26,29527,35,2
HCILDVSANAVR,PSD-95,B15-03046_1:5,682.85257,2,726.413232,1,y7,47.12,22645,34,3
HCILDVSANAVR,PSD-95,B15-03047_1:1,682.85257,2,726.413232,1,y7,45.15,107436,297,3
HCILDVSANAVR,PSD-95,B15-03048_1:1,682.85257,2,726.413232,1,y7,45.08,141515,355,3
HCILDVSANAVR,PSD-95,B15-03035_WB_2_GFPl,682.85257,2,627.344818,1,y6,48.14,762,53,2
HCILDVSANAVR,PSD-95,B15-03036_WB_2_GFPl,682.85257,2,627.344818,1,y6,47.4,119,52,5
HCILDVSANAVR,PSD-95,B15-03037_WB_2_GFPl,682.85257,2,627.344818,1,y6,47.67,50,54,4
HCILDVSANAVR,PSD-95,B15-03038_1:625,682.85257,2,627.344818,1,y6,48.42,1287,50,1
HCILDVSANAVR,PSD-95,B15-03039_1:625,682.85257,2,627.344818,1,y6,48.35,385,47,3
HCILDVSANAVR,PSD-95,B15-03040_1:125,682.85257,2,627.344818,1,y6,47.8,382,55,3
HCILDVSANAVR,PSD-95,B15-03041_1:125,682.85257,2,627.344818,1,y6,47.53,47,45,5
HCILDVSANAVR,PSD-95,B15-03043_1:25,682.85257,2,627.344818,1,y6,47.53,1720,46,5
HCILDVSANAVR,PSD-95,B15-03044_1:25,682.85257,2,627.344818,1,y6,47.53,1149,39,5
HCILDVSANAVR,PSD-95,B15-03045_1:5,682.85257,2,627.344818,1,y6,47.26,14065,41,5
HCILDVSANAVR,PSD-95,B15-03046_1:5,682.85257,2,627.344818,1,y6,47.06,16987,103,5
HCILDVSANAVR,PSD-95,B15-03047_1:1,682.85257,2,627.344818,1,y6,45.15,49111,294,5
HCILDVSANAVR,PSD-95,B15-03048_1:1,682.85257,2,627.344818,1,y6,45.08,74364,4658,5
DLLGEEDIPR,PSD-95,B15-03035_WB_2_GFPl,578.79586,2,928.473437,1,y8,59.95,7947,1199,4
DLLGEEDIPR,PSD-95,B15-03036_WB_2_GFPl,578.79586,2,928.473437,1,y8,59.95,7587,68,2
DLLGEEDIPR,PSD-95,B15-03037_WB_2_GFPl,578.79586,2,928.473437,1,y8,59.95,37020,57,4
DLLGEEDIPR,PSD-95,B15-03038_1:625,578.79586,2,928.473437,1,y8,60.15,36234,82,4
DLLGEEDIPR,PSD-95,B15-03039_1:625,578.79586,2,928.473437,1,y8,59.81,37871,34,4
DLLGEEDIPR,PSD-95,B15-03040_1:125,578.79586,2,928.473437,1,y8,59.68,36551,73,4
DLLGEEDIPR,PSD-95,B15-03041_1:125,578.79586,2,928.473437,1,y8,59.61,39653,509,4
DLLGEEDIPR,PSD-95,B15-03043_1:25,578.79586,2,928.473437,1,y8,59.47,30887,32,4
DLLGEEDIPR,PSD-95,B15-03044_1:25,578.79586,2,928.473437,1,y8,59.54,25418,117,4
DLLGEEDIPR,PSD-95,B15-03045_1:5,578.79586,2,928.473437,1,y8,59.34,35747,1664,4
DLLGEEDIPR,PSD-95,B15-03046_1:5,578.79586,2,928.473437,1,y8,59.2,42919,2114,4
DLLGEEDIPR,PSD-95,B15-03047_1:1,578.79586,2,928.473437,1,y8,58.05,39152,300,3
DLLGEEDIPR,PSD-95,B15-03048_1:1,578.79586,2,928.473437,1,y8,57.84,39807,1467,3
DLLGEEDIPR,PSD-95,B15-03035_WB_2_GFPl,578.79586,2,815.389373,1,y7,59.95,35230,79,1
DLLGEEDIPR,PSD-95,B15-03036_WB_2_GFPl,578.79586,2,815.389373,1,y7,59.95,19997,67,1
DLLGEEDIPR,PSD-95,B15-03037_WB_2_GFPl,578.79586,2,815.389373,1,y7,59.95,113701,61,1
DLLGEEDIPR,PSD-95,B15-03038_1:625,578.79586,2,815.389373,1,y7,60.15,102550,1211,1
DLLGEEDIPR,PSD-95,B15-03039_1:625,578.79586,2,815.389373,1,y7,59.81,126220,3979,1
DLLGEEDIPR,PSD-95,B15-03040_1:125,578.79586,2,815.389373,1,y7,59.68,109626,152,1
DLLGEEDIPR,PSD-95,B15-03041_1:125,578.79586,2,815.389373,1,y7,59.61,132822,1257,1
DLLGEEDIPR,PSD-95,B15-03043_1:25,578.79586,2,815.389373,1,y7,59.47,111915,34,1
DLLGEEDIPR,PSD-95,B15-03044_1:25,578.79586,2,815.389373,1,y7,59.54,89177,31,1
DLLGEEDIPR,PSD-95,B15-03045_1:5,578.79586,2,815.389373,1,y7,59.34,106641,276,1
DLLGEEDIPR,PSD-95,B15-03046_1:5,578.79586,2,815.389373,1,y7,59.2,120045,63,1
DLLGEEDIPR,PSD-95,B15-03047_1:1,578.79586,2,815.389373,1,y7,57.98,108343,2581,1
DLLGEEDIPR,PSD-95,B15-03048_1:1,578.79586,2,815.389373,1,y7,57.91,109495,892,1
DLLGEEDIPR,PSD-95,B15-03035_WB_2_GFPl,578.79586,2,629.325316,1,y5,59.95,7516,933,5
DLLGEEDIPR,PSD-95,B15-03036_WB_2_GFPl,578.79586,2,629.325316,1,y5,59.95,6535,79,5
DLLGEEDIPR,PSD-95,B15-03037_WB_2_GFPl,578.79586,2,629.325316,1,y5,59.95,26237,991,5
DLLGEEDIPR,PSD-95,B15-03038_1:625,578.79586,2,629.325316,1,y5,60.15,28768,193,5
DLLGEEDIPR,PSD-95,B15-03039_1:625,578.79586,2,629.325316,1,y5,59.81,34152,31,5
DLLGEEDIPR,PSD-95,B15-03040_1:125,578.79586,2,629.325316,1,y5,59.68,22502,179,5
DLLGEEDIPR,PSD-95,B15-03041_1:125,578.79586,2,629.325316,1,y5,59.61,33806,486,5
DLLGEEDIPR,PSD-95,B15-03043_1:25,578.79586,2,629.325316,1,y5,59.47,23574,379,5
DLLGEEDIPR,PSD-95,B15-03044_1:25,578.79586,2,629.325316,1,y5,59.54,20830,31,5
DLLGEEDIPR,PSD-95,B15-03045_1:5,578.79586,2,629.325316,1,y5,59.34,26565,981,5
DLLGEEDIPR,PSD-95,B15-03046_1:5,578.79586,2,629.325316,1,y5,59.2,29111,1770,5
DLLGEEDIPR,PSD-95,B15-03047_1:1,578.79586,2,629.325316,1,y5,57.98,24455,7866,4
DLLGEEDIPR,PSD-95,B15-03048_1:1,578.79586,2,629.325316,1,y5,57.84,19272,12018,4
DLLGEEDIPR,PSD-95,B15-03035_WB_2_GFPl,578.79586,2,272.171716,1,y2,59.95,13501,5386,3
DLLGEEDIPR,PSD-95,B15-03036_WB_2_GFPl,578.79586,2,272.171716,1,y2,59.95,7435,5650,3
DLLGEEDIPR,PSD-95,B15-03037_WB_2_GFPl,578.79586,2,272.171716,1,y2,59.95,53409,2265,3
DLLGEEDIPR,PSD-95,B15-03038_1:625,578.79586,2,272.171716,1,y2,60.15,59863,399,3
DLLGEEDIPR,PSD-95,B15-03039_1:625,578.79586,2,272.171716,1,y2,59.81,61228,5662,3
DLLGEEDIPR,PSD-95,B15-03040_1:125,578.79586,2,272.171716,1,y2,59.68,62063,1274,2
DLLGEEDIPR,PSD-95,B15-03041_1:125,578.79586,2,272.171716,1,y2,59.61,65510,545,3
DLLGEEDIPR,PSD-95,B15-03043_1:25,578.79586,2,272.171716,1,y2,59.54,53968,1292,3
DLLGEEDIPR,PSD-95,B15-03044_1:25,578.79586,2,272.171716,1,y2,59.54,51250,969,3
DLLGEEDIPR,PSD-95,B15-03045_1:5,578.79586,2,272.171716,1,y2,59.34,50394,3352,3
DLLGEEDIPR,PSD-95,B15-03046_1:5,578.79586,2,272.171716,1,y2,59.2,68663,1423,3
DLLGEEDIPR,PSD-95,B15-03047_1:1,578.79586,2,272.171716,1,y2,58.05,63433,2160,2
DLLGEEDIPR,PSD-95,B15-03048_1:1,578.79586,2,272.171716,1,y2,57.91,56073,4296,2
DLLGEEDIPR,PSD-95,B15-03035_WB_2_GFPl,578.79586,2,464.740356,2,y8,59.95,17750,1168,2
DLLGEEDIPR,PSD-95,B15-03036_WB_2_GFPl,578.79586,2,464.740356,2,y8,59.95,6774,381,4
DLLGEEDIPR,PSD-95,B15-03037_WB_2_GFPl,578.79586,2,464.740356,2,y8,59.95,62989,58,2
DLLGEEDIPR,PSD-95,B15-03038_1:625,578.79586,2,464.740356,2,y8,60.09,62237,34,2
DLLGEEDIPR,PSD-95,B15-03039_1:625,578.79586,2,464.740356,2,y8,59.88,63508,8068,2
DLLGEEDIPR,PSD-95,B15-03040_1:125,578.79586,2,464.740356,2,y8,59.68,49813,30,3
DLLGEEDIPR,PSD-95,B15-03041_1:125,578.79586,2,464.740356,2,y8,59.61,72696,962,2
DLLGEEDIPR,PSD-95,B15-03043_1:25,578.79586,2,464.740356,2,y8,59.47,55333,2846,2
DLLGEEDIPR,PSD-95,B15-03044_1:25,578.79586,2,464.740356,2,y8,59.47,65291,1293,2
DLLGEEDIPR,PSD-95,B15-03045_1:5,578.79586,2,464.740356,2,y8,59.34,73388,2057,2
DLLGEEDIPR,PSD-95,B15-03046_1:5,578.79586,2,464.740356,2,y8,59.2,85663,4631,2
DLLGEEDIPR,PSD-95,B15-03035_WB_2_GFPl,583.799994,2,938.481706,1,y8,59.07,463,126,4
DLLGEEDIPR,PSD-95,B15-03036_WB_2_GFPl,583.799994,2,938.481706,1,y8,59.95,947,60,2
DLLGEEDIPR,PSD-95,B15-03037_WB_2_GFPl,583.799994,2,938.481706,1,y8,59.41,1915,54,2
DLLGEEDIPR,PSD-95,B15-03038_1:625,583.799994,2,938.481706,1,y8,60.15,843,34,5
DLLGEEDIPR,PSD-95,B15-03039_1:625,583.799994,2,938.481706,1,y8,59.81,1985,36,3
DLLGEEDIPR,PSD-95,B15-03040_1:125,583.799994,2,938.481706,1,y8,59.75,5913,32,3
DLLGEEDIPR,PSD-95,B15-03041_1:125,583.799994,2,938.481706,1,y8,59.61,6756,28,3
DLLGEEDIPR,PSD-95,B15-03043_1:25,583.799994,2,938.481706,1,y8,59.47,18186,28,4
DLLGEEDIPR,PSD-95,B15-03044_1:25,583.799994,2,938.481706,1,y8,59.47,17499,32,4
DLLGEEDIPR,PSD-95,B15-03045_1:5,583.799994,2,938.481706,1,y8,59.34,75572,399,4
DLLGEEDIPR,PSD-95,B15-03046_1:5,583.799994,2,938.481706,1,y8,59.2,111125,173,4
DLLGEEDIPR,PSD-95,B15-03047_1:1,583.799994,2,938.481706,1,y8,57.98,367129,4695,4
DLLGEEDIPR,PSD-95,B15-03048_1:1,583.799994,2,938.481706,1,y8,57.84,353092,2209,4
DLLGEEDIPR,PSD-95,B15-03035_WB_2_GFPl,583.799994,2,825.397642,1,y7,59.95,477,63,3
DLLGEEDIPR,PSD-95,B15-03036_WB_2_GFPl,583.799994,2,825.397642,1,y7,59.95,524,290,5
DLLGEEDIPR,PSD-95,B15-03037_WB_2_GFPl,583.799994,2,825.397642,1,y7,59.2,2886,64,1
DLLGEEDIPR,PSD-95,B15-03038_1:625,583.799994,2,825.397642,1,y7,60.02,4074,133,1
DLLGEEDIPR,PSD-95,B15-03039_1:625,583.799994,2,825.397642,1,y7,59.81,3627,174,1
DLLGEEDIPR,PSD-95,B15-03040_1:125,583.799994,2,825.397642,1,y7,59.68,10997,32,1
DLLGEEDIPR,PSD-95,B15-03041_1:125,583.799994,2,825.397642,1,y7,59.61,12716,123,1
DLLGEEDIPR,PSD-95,B15-03043_1:25,583.799994,2,825.397642,1,y7,59.47,61942,1497,1
DLLGEEDIPR,PSD-95,B15-03044_1:25,583.799994,2,825.397642,1,y7,59.54,55770,41,1
DLLGEEDIPR,PSD-95,B15-03045_1:5,583.799994,2,825.397642,1,y7,59.34,268067,1976,1
DLLGEEDIPR,PSD-95,B15-03046_1:5,583.799994,2,825.397642,1,y7,59.2,334642,8018,1
DLLGEEDIPR,PSD-95,B15-03047_1:1,583.799994,2,825.397642,1,y7,57.98,1195929,15813,1
DLLGEEDIPR,PSD-95,B15-03048_1:1,583.799994,2,825.397642,1,y7,57.84,1223144,15528,1
DLLGEEDIPR,PSD-95,B15-03035_WB_2_GFPl,583.799994,2,639.333585,1,y5,59.47,668,57,2
DLLGEEDIPR,PSD-95,B15-03036_WB_2_GFPl,583.799994,2,639.333585,1,y5,59.75,612,64,3
DLLGEEDIPR,PSD-95,B15-03037_WB_2_GFPl,583.799994,2,639.333585,1,y5,59.07,1152,990,3
DLLGEEDIPR,PSD-95,B15-03038_1:625,583.799994,2,639.333585,1,y5,60.15,1840,31,3
DLLGEEDIPR,PSD-95,B15-03039_1:625,583.799994,2,639.333585,1,y5,59.95,2911,41,2
DLLGEEDIPR,PSD-95,B15-03040_1:125,583.799994,2,639.333585,1,y5,59.61,3131,73,4
DLLGEEDIPR,PSD-95,B15-03041_1:125,583.799994,2,639.333585,1,y5,59.61,4123,29,4
DLLGEEDIPR,PSD-95,B15-03043_1:25,583.799994,2,639.333585,1,y5,59.47,12497,26,5
DLLGEEDIPR,PSD-95,B15-03044_1:25,583.799994,2,639.333585,1,y5,59.54,16234,49,5
DLLGEEDIPR,PSD-95,B15-03045_1:5,583.799994,2,639.333585,1,y5,59.27,67726,247,5
DLLGEEDIPR,PSD-95,B15-03046_1:5,583.799994,2,639.333585,1,y5,59.2,79278,1627,5
DLLGEEDIPR,PSD-95,B15-03047_1:1,583.799994,2,639.333585,1,y5,57.98,293995,3560,5
DLLGEEDIPR,PSD-95,B15-03048_1:1,583.799994,2,639.333585,1,y5,57.84,297617,2692,5
DLLGEEDIPR,PSD-95,B15-03035_WB_2_GFPl,583.799994,2,282.179985,1,y2,59.13,298,122,5
DLLGEEDIPR,PSD-95,B15-03036_WB_2_GFPl,583.799994,2,282.179985,1,y2,59.75,574,53,4
DLLGEEDIPR,PSD-95,B15-03037_WB_2_GFPl,583.799994,2,282.179985,1,y2,59.81,556,53,5
DLLGEEDIPR,PSD-95,B15-03038_1:625,583.799994,2,282.179985,1,y2,60.02,997,43,4
DLLGEEDIPR,PSD-95,B15-03039_1:625,583.799994,2,282.179985,1,y2,59.81,1235,55,5
DLLGEEDIPR,PSD-95,B15-03040_1:125,583.799994,2,282.179985,1,y2,59.61,7833,34,2
DLLGEEDIPR,PSD-95,B15-03043_1:25,583.799994,2,282.179985,1,y2,59.47,26516,463,3
DLLGEEDIPR,PSD-95,B15-03044_1:25,583.799994,2,282.179985,1,y2,59.54,28710,907,2
DLLGEEDIPR,PSD-95,B15-03045_1:5,583.799994,2,282.179985,1,y2,59.34,141417,635,3
DLLGEEDIPR,PSD-95,B15-03046_1:5,583.799994,2,282.179985,1,y2,59.2,169459,2535,2
DLLGEEDIPR,PSD-95,B15-03047_1:1,583.799994,2,282.179985,1,y2,57.98,580088,4177,2
DLLGEEDIPR,PSD-95,B15-03048_1:1,583.799994,2,282.179985,1,y2,57.84,618864,7690,2
DLLGEEDIPR,PSD-95,B15-03035_WB_2_GFPl,583.799994,2,469.744491,2,y8,59.54,1908,169,1
DLLGEEDIPR,PSD-95,B15-03036_WB_2_GFPl,583.799994,2,469.744491,2,y8,59.75,1893,60,1
DLLGEEDIPR,PSD-95,B15-03037_WB_2_GFPl,583.799994,2,469.744491,2,y8,59.54,907,52,4
DLLGEEDIPR,PSD-95,B15-03038_1:625,583.799994,2,469.744491,2,y8,60.22,2608,32,2
DLLGEEDIPR,PSD-95,B15-03039_1:625,583.799994,2,469.744491,2,y8,59.88,1756,33,4
DLLGEEDIPR,PSD-95,B15-03041_1:125,583.799994,2,469.744491,2,y8,59.68,7288,28,2
DLLGEEDIPR,PSD-95,B15-03043_1:25,583.799994,2,469.744491,2,y8,59.54,28599,96,2
DLLGEEDIPR,PSD-95,B15-03044_1:25,583.799994,2,469.744491,2,y8,59.54,27080,28,3
DLLGEEDIPR,PSD-95,B15-03045_1:5,583.799994,2,469.744491,2,y8,59.27,144467,748,2
DLLGEEDIPR,PSD-95,B15-03046_1:5,583.799994,2,469.744491,2,y8,59.2,153259,34,3
DLLGEEDIPR,PSD-95,B15-03047_1:1,583.799994,2,469.744491,2,y8,57.98,575125,7762,3
DLLGEEDIPR,PSD-95,B15-03048_1:1,583.799994,2,469.744491,2,y8,57.84,579145,5357,3
FEGDTLVNR,GFP,B15-03035_WB_2_GFPl,525.764363,2,774.410442,1,y7,39.14,4807773,82851,1
FEGDTLVNR,GFP,B15-03036_WB_2_GFPl,525.764363,2,774.410442,1,y7,38.87,5382473,71097,1
FEGDTLVNR,GFP,B15-03037_WB_2_GFPl,525.764363,2,774.410442,1,y7,38.53,5533958,2352,1
FEGDTLVNR,GFP,B15-03038_1:625,525.764363,2,774.410442,1,y7,38.87,5241338,1982,1
FEGDTLVNR,GFP,B15-03039_1:625,525.764363,2,774.410442,1,y7,38.46,5179233,430,1
FEGDTLVNR,GFP,B15-03040_1:125,525.764363,2,774.410442,1,y7,38.46,5775648,2196,1
FEGDTLVNR,GFP,B15-03041_1:125,525.764363,2,774.410442,1,y7,38.46,5358020,4732,1
FEGDTLVNR,GFP,B15-03043_1:25,525.764363,2,774.410442,1,y7,38.05,4711573,5806,1
FEGDTLVNR,GFP,B15-03044_1:25,525.764363,2,774.410442,1,y7,38.25,5310643,1749,1
FEGDTLVNR,GFP,B15-03045_1:5,525.764363,2,774.410442,1,y7,37.91,4794269,938,1
FEGDTLVNR,GFP,B15-03046_1:5,525.764363,2,774.410442,1,y7,37.85,5724090,7240,1
FEGDTLVNR,GFP,B15-03047_1:1,525.764363,2,774.410442,1,y7,36.15,3093941,363,1
FEGDTLVNR,GFP,B15-03048_1:1,525.764363,2,774.410442,1,y7,36.08,3827235,3483,1
FEGDTLVNR,GFP,B15-03035_WB_2_GFPl,525.764363,2,602.362036,1,y5,39.14,1494367,32276,2
FEGDTLVNR,GFP,B15-03036_WB_2_GFPl,525.764363,2,602.362036,1,y5,38.87,1621448,21130,2
FEGDTLVNR,GFP,B15-03037_WB_2_GFPl,525.764363,2,602.362036,1,y5,38.53,1669421,6751,2
FEGDTLVNR,GFP,B15-03040_1:125,525.764363,2,602.362036,1,y5,38.46,1667032,1379,2
FEGDTLVNR,GFP,B15-03041_1:125,525.764363,2,602.362036,1,y5,38.46,1646529,2891,2
FEGDTLVNR,GFP,B15-03043_1:25,525.764363,2,602.362036,1,y5,38.05,1434050,4695,2
FEGDTLVNR,GFP,B15-03044_1:25,525.764363,2,602.362036,1,y5,38.25,1633866,792,2
FEGDTLVNR,GFP,B15-03045_1:5,525.764363,2,602.362036,1,y5,37.91,1522879,1436,2
FEGDTLVNR,GFP,B15-03046_1:5,525.764363,2,602.362036,1,y5,37.85,1829717,5945,2
FEGDTLVNR,GFP,B15-03047_1:1,525.764363,2,602.362036,1,y5,36.15,1033805,2118,2
FEGDTLVNR,GFP,B15-03048_1:1,525.764363,2,602.362036,1,y5,36.08,1295741,849,2
FEGDTLVNR,GFP,B15-03035_WB_2_GFPl,525.764363,2,388.230293,1,y3,39.14,800344,23980,3
FEGDTLVNR,GFP,B15-03036_WB_2_GFPl,525.764363,2,388.230293,1,y3,38.87,952286,21650,3
FEGDTLVNR,GFP,B15-03037_WB_2_GFPl,525.764363,2,388.230293,1,y3,38.53,908813,9160,3
FEGDTLVNR,GFP,B15-03040_1:125,525.764363,2,388.230293,1,y3,38.46,915895,6921,3
FEGDTLVNR,GFP,B15-03041_1:125,525.764363,2,388.230293,1,y3,38.46,905456,8961,3
FEGDTLVNR,GFP,B15-03043_1:25,525.764363,2,388.230293,1,y3,38.05,750794,6176,3
FEGDTLVNR,GFP,B15-03044_1:25,525.764363,2,388.230293,1,y3,38.25,896415,10872,3
FEGDTLVNR,GFP,B15-03045_1:5,525.764363,2,388.230293,1,y3,37.91,813893,6346,3
FEGDTLVNR,GFP,B15-03046_1:5,525.764363,2,388.230293,1,y3,37.85,1007256,14688,3
FEGDTLVNR,GFP,B15-03047_1:1,525.764363,2,388.230293,1,y3,36.15,559526,11975,3
FEGDTLVNR,GFP,B15-03048_1:1,525.764363,2,388.230293,1,y3,36.08,661926,7787,3
FEGDTLVNR,GFP,B15-03035_WB_2_GFPl,525.764363,2,289.161879,1,y2,39.14,560888,10087,4
FEGDTLVNR,GFP,B15-03036_WB_2_GFPl,525.764363,2,289.161879,1,y2,38.87,657343,5215,4
FEGDTLVNR,GFP,B15-03037_WB_2_GFPl,525.764363,2,289.161879,1,y2,38.59,617006,782,4
FEGDTLVNR,GFP,B15-03038_1:625,525.764363,2,289.161879,1,y2,38.87,596484,706,2
FEGDTLVNR,GFP,B15-03039_1:625,525.764363,2,289.161879,1,y2,38.46,576278,556,2
FEGDTLVNR,GFP,B15-03040_1:125,525.764363,2,289.161879,1,y2,38.46,597566,521,4
FEGDTLVNR,GFP,B15-03041_1:125,525.764363,2,289.161879,1,y2,38.46,615942,140,4
FEGDTLVNR,GFP,B15-03043_1:25,525.764363,2,289.161879,1,y2,38.05,548191,46,4
FEGDTLVNR,GFP,B15-03044_1:25,525.764363,2,289.161879,1,y2,38.25,610478,136,4
FEGDTLVNR,GFP,B15-03045_1:5,525.764363,2,289.161879,1,y2,37.91,572589,4318,4
FEGDTLVNR,GFP,B15-03046_1:5,525.764363,2,289.161879,1,y2,37.85,693308,995,4
FEGDTLVNR,GFP,B15-03047_1:1,525.764363,2,289.161879,1,y2,36.15,391951,7130,4
FEGDTLVNR,GFP,B15-03048_1:1,525.764363,2,289.161879,1,y2,36.08,497195,8928,4
FEGDTLVNR,GFP,B15-03035_WB_2_GFPl,530.768497,2,784.418711,1,y7,39,471,89,2
FEGDTLVNR,GFP,B15-03037_WB_2_GFPl,530.768497,2,784.418711,1,y7,38.32,691,358,3
FEGDTLVNR,GFP,B15-03038_1:625,530.768497,2,784.418711,1,y7,38.87,2772,88,1
FEGDTLVNR,GFP,B15-03039_1:625,530.768497,2,784.418711,1,y7,38.46,1867,870,1
FEGDTLVNR,GFP,B15-03040_1:125,530.768497,2,784.418711,1,y7,38.46,14404,155,1
FEGDTLVNR,GFP,B15-03041_1:125,530.768497,2,784.418711,1,y7,38.46,13891,808,1
FEGDTLVNR,GFP,B15-03043_1:25,530.768497,2,784.418711,1,y7,38.05,56467,406,1
FEGDTLVNR,GFP,B15-03044_1:25,530.768497,2,784.418711,1,y7,38.25,65236,48,1
FEGDTLVNR,GFP,B15-03045_1:5,530.768497,2,784.418711,1,y7,37.91,321207,711,1
FEGDTLVNR,GFP,B15-03046_1:5,530.768497,2,784.418711,1,y7,37.78,365081,3239,1
FEGDTLVNR,GFP,B15-03047_1:1,530.768497,2,784.418711,1,y7,36.15,1057665,2103,1
FEGDTLVNR,GFP,B15-03048_1:1,530.768497,2,784.418711,1,y7,36.08,1278562,4509,1
FEGDTLVNR,GFP,B15-03035_WB_2_GFPl,530.768497,2,612.370305,1,y5,39.14,675,565,1
FEGDTLVNR,GFP,B15-03036_WB_2_GFPl,530.768497,2,612.370305,1,y5,39.21,1620,37,1
FEGDTLVNR,GFP,B15-03037_WB_2_GFPl,530.768497,2,612.370305,1,y5,38.53,809,34,2
FEGDTLVNR,GFP,B15-03038_1:625,530.768497,2,612.370305,1,y5,38.8,2357,28,2
FEGDTLVNR,GFP,B15-03039_1:625,530.768497,2,612.370305,1,y5,38.53,260,166,4
FEGDTLVNR,GFP,B15-03040_1:125,530.768497,2,612.370305,1,y5,38.46,6166,30,2
FEGDTLVNR,GFP,B15-03041_1:125,530.768497,2,612.370305,1,y5,38.46,2808,1511,2
FEGDTLVNR,GFP,B15-03043_1:25,530.768497,2,612.370305,1,y5,38.05,17851,855,2
FEGDTLVNR,GFP,B15-03044_1:25,530.768497,2,612.370305,1,y5,38.25,26215,33,2
FEGDTLVNR,GFP,B15-03045_1:5,530.768497,2,612.370305,1,y5,37.91,93516,33,2
FEGDTLVNR,GFP,B15-03046_1:5,530.768497,2,612.370305,1,y5,37.78,123958,800,2
FEGDTLVNR,GFP,B15-03047_1:1,530.768497,2,612.370305,1,y5,36.15,328634,10026,2
FEGDTLVNR,GFP,B15-03048_1:1,530.768497,2,612.370305,1,y5,36.08,420490,8878,2
FEGDTLVNR,GFP,B15-03035_WB_2_GFPl,530.768497,2,398.238562,1,y3,39.07,449,45,3
FEGDTLVNR,GFP,B15-03036_WB_2_GFPl,530.768497,2,398.238562,1,y3,38.73,65,39,3
FEGDTLVNR,GFP,B15-03037_WB_2_GFPl,530.768497,2,398.238562,1,y3,38.59,369,38,4
FEGDTLVNR,GFP,B15-03038_1:625,530.768497,2,398.238562,1,y3,38.93,783,47,3
FEGDTLVNR,GFP,B15-03039_1:625,530.768497,2,398.238562,1,y3,38.46,358,39,3
FEGDTLVNR,GFP,B15-03040_1:125,530.768497,2,398.238562,1,y3,38.53,3430,30,3
FEGDTLVNR,GFP,B15-03041_1:125,530.768497,2,398.238562,1,y3,38.39,2504,31,3
FEGDTLVNR,GFP,B15-03043_1:25,530.768497,2,398.238562,1,y3,38.05,13638,29,3
FEGDTLVNR,GFP,B15-03044_1:25,530.768497,2,398.238562,1,y3,38.32,11102,35,3
FEGDTLVNR,GFP,B15-03045_1:5,530.768497,2,398.238562,1,y3,37.91,53597,555,3
FEGDTLVNR,GFP,B15-03046_1:5,530.768497,2,398.238562,1,y3,37.78,66872,56,3
FEGDTLVNR,GFP,B15-03047_1:1,530.768497,2,398.238562,1,y3,36.08,189518,1191,3
FEGDTLVNR,GFP,B15-03048_1:1,530.768497,2,398.238562,1,y3,36.08,249423,1201,3
FEGDTLVNR,GFP,B15-03035_WB_2_GFPl,530.768497,2,299.170148,1,y2,39.07,79,1805,4
FEGDTLVNR,GFP,B15-03036_WB_2_GFPl,530.768497,2,299.170148,1,y2,38.93,981,42,2
FEGDTLVNR,GFP,B15-03037_WB_2_GFPl,530.768497,2,299.170148,1,y2,38.93,1016,37,1
FEGDTLVNR,GFP,B15-03038_1:625,530.768497,2,299.170148,1,y2,38.66,311,336,4
FEGDTLVNR,GFP,B15-03039_1:625,530.768497,2,299.170148,1,y2,38.25,488,473,2
FEGDTLVNR,GFP,B15-03040_1:125,530.768497,2,299.170148,1,y2,38.39,2303,29,4
FEGDTLVNR,GFP,B15-03041_1:125,530.768497,2,299.170148,1,y2,38.53,2031,28,4
FEGDTLVNR,GFP,B15-03043_1:25,530.768497,2,299.170148,1,y2,38.05,9234,195,4
FEGDTLVNR,GFP,B15-03044_1:25,530.768497,2,299.170148,1,y2,38.25,6435,234,4
FEGDTLVNR,GFP,B15-03045_1:5,530.768497,2,299.170148,1,y2,37.85,35060,37,4
FEGDTLVNR,GFP,B15-03046_1:5,530.768497,2,299.170148,1,y2,37.85,43161,1089,4
FEGDTLVNR,GFP,B15-03047_1:1,530.768497,2,299.170148,1,y2,36.15,116704,2810,4
FEGDTLVNR,GFP,B15-03048_1:1,530.768497,2,299.170148,1,y2,36.08,154156,2373,4
SAMPEGYVQER,GFP,B15-03035_WB_2_GFPl,633.792794,2,977.468686,1,y8,37.12,1947485,8416,2
SAMPEGYVQER,GFP,B15-03036_WB_2_GFPl,633.792794,2,977.468686,1,y8,36.78,2212200,31818,2
SAMPEGYVQER,GFP,B15-03037_WB_2_GFPl,633.792794,2,977.468686,1,y8,36.64,2146731,39749,2
SAMPEGYVQER,GFP,B15-03038_1:625,633.792794,2,977.468686,1,y8,36.85,2125798,6271,2
SAMPEGYVQER,GFP,B15-03039_1:625,633.792794,2,977.468686,1,y8,36.58,2192557,8115,2
SAMPEGYVQER,GFP,B15-03040_1:125,633.792794,2,977.468686,1,y8,36.37,2172780,20731,2
SAMPEGYVQER,GFP,B15-03041_1:125,633.792794,2,977.468686,1,y8,36.44,2286072,23750,2
SAMPEGYVQER,GFP,B15-03043_1:25,633.792794,2,977.468686,1,y8,36.03,1999796,15165,2
SAMPEGYVQER,GFP,B15-03044_1:25,633.792794,2,977.468686,1,y8,36.17,2088620,3585,2
SAMPEGYVQER,GFP,B15-03045_1:5,633.792794,2,977.468686,1,y8,36.17,2057730,5118,2
SAMPEGYVQER,GFP,B15-03046_1:5,633.792794,2,977.468686,1,y8,36.03,2541021,9777,2
SAMPEGYVQER,GFP,B15-03047_1:1,633.792794,2,977.468686,1,y8,34.4,1565076,4760,2
SAMPEGYVQER,GFP,B15-03048_1:1,633.792794,2,977.468686,1,y8,34.33,1807991,9071,2
SAMPEGYVQER,GFP,B15-03035_WB_2_GFPl,633.792794,2,751.373329,1,y6,37.12,1131739,6175,3
SAMPEGYVQER,GFP,B15-03036_WB_2_GFPl,633.792794,2,751.373329,1,y6,36.78,1171419,13388,3
SAMPEGYVQER,GFP,B15-03037_WB_2_GFPl,633.792794,2,751.373329,1,y6,36.64,1146266,22861,3
SAMPEGYVQER,GFP,B15-03038_1:625,633.792794,2,751.373329,1,y6,36.85,1114206,13975,3
SAMPEGYVQER,GFP,B15-03039_1:625,633.792794,2,751.373329,1,y6,36.58,1185381,6515,3
SAMPEGYVQER,GFP,B15-03040_1:125,633.792794,2,751.373329,1,y6,36.37,1202179,12658,3
SAMPEGYVQER,GFP,B15-03041_1:125,633.792794,2,751.373329,1,y6,36.44,1199820,4917,3
SAMPEGYVQER,GFP,B15-03043_1:25,633.792794,2,751.373329,1,y6,36.03,1063776,9250,3
SAMPEGYVQER,GFP,B15-03044_1:25,633.792794,2,751.373329,1,y6,36.17,1084205,124,3
SAMPEGYVQER,GFP,B15-03045_1:5,633.792794,2,751.373329,1,y6,36.17,1130558,121,3
SAMPEGYVQER,GFP,B15-03046_1:5,633.792794,2,751.373329,1,y6,36.03,1404298,8730,3
SAMPEGYVQER,GFP,B15-03047_1:1,633.792794,2,751.373329,1,y6,34.47,879938,9559,3
SAMPEGYVQER,GFP,B15-03048_1:1,633.792794,2,751.373329,1,y6,34.33,1047086,7201,3
SAMPEGYVQER,GFP,B15-03035_WB_2_GFPl,633.792794,2,554.758223,2,y9,37.12,635378,1455,4
SAMPEGYVQER,GFP,B15-03036_WB_2_GFPl,633.792794,2,554.758223,2,y9,36.78,723479,13013,4
SAMPEGYVQER,GFP,B15-03037_WB_2_GFPl,633.792794,2,554.758223,2,y9,36.64,724791,2058,4
SAMPEGYVQER,GFP,B15-03038_1:625,633.792794,2,554.758223,2,y9,36.85,688947,5874,4
SAMPEGYVQER,GFP,B15-03039_1:625,633.792794,2,554.758223,2,y9,36.58,732184,4210,4
SAMPEGYVQER,GFP,B15-03040_1:125,633.792794,2,554.758223,2,y9,36.37,774124,2762,4
SAMPEGYVQER,GFP,B15-03041_1:125,633.792794,2,554.758223,2,y9,36.44,769762,7861,4
SAMPEGYVQER,GFP,B15-03043_1:25,633.792794,2,554.758223,2,y9,36.03,622325,9381,4
SAMPEGYVQER,GFP,B15-03044_1:25,633.792794,2,554.758223,2,y9,36.17,726247,2165,4
SAMPEGYVQER,GFP,B15-03045_1:5,633.792794,2,554.758223,2,y9,36.1,707836,5582,4
SAMPEGYVQER,GFP,B15-03046_1:5,633.792794,2,554.758223,2,y9,36.03,797560,70,4
SAMPEGYVQER,GFP,B15-03047_1:1,633.792794,2,554.758223,2,y9,34.47,523843,8278,4
SAMPEGYVQER,GFP,B15-03048_1:1,633.792794,2,554.758223,2,y9,34.33,573465,9660,4
SAMPEGYVQER,GFP,B15-03035_WB_2_GFPl,633.792794,2,489.237981,2,y8,37.12,3051602,11562,1
SAMPEGYVQER,GFP,B15-03036_WB_2_GFPl,633.792794,2,489.237981,2,y8,36.78,3634682,49048,1
SAMPEGYVQER,GFP,B15-03037_WB_2_GFPl,633.792794,2,489.237981,2,y8,36.64,3575716,41578,1
SAMPEGYVQER,GFP,B15-03038_1:625,633.792794,2,489.237981,2,y8,36.85,3415883,22501,1
SAMPEGYVQER,GFP,B15-03039_1:625,633.792794,2,489.237981,2,y8,36.58,3653994,27126,1
SAMPEGYVQER,GFP,B15-03040_1:125,633.792794,2,489.237981,2,y8,36.37,3559009,53497,1
SAMPEGYVQER,GFP,B15-03041_1:125,633.792794,2,489.237981,2,y8,36.44,3751150,40424,1
SAMPEGYVQER,GFP,B15-03043_1:25,633.792794,2,489.237981,2,y8,36.03,3108832,17413,1
SAMPEGYVQER,GFP,B15-03044_1:25,633.792794,2,489.237981,2,y8,36.17,3476782,1632,1
SAMPEGYVQER,GFP,B15-03045_1:5,633.792794,2,489.237981,2,y8,36.1,3432293,9829,1
SAMPEGYVQER,GFP,B15-03046_1:5,633.792794,2,489.237981,2,y8,36.03,4061615,6144,1
SAMPEGYVQER,GFP,B15-03047_1:1,633.792794,2,489.237981,2,y8,34.47,2558005,14598,1
SAMPEGYVQER,GFP,B15-03048_1:1,633.792794,2,489.237981,2,y8,34.33,2775865,6728,1
SAMPEGYVQER,GFP,B15-03036_WB_2_GFPl,638.796929,2,987.476955,1,y8,37.39,230,78,4
SAMPEGYVQER,GFP,B15-03037_WB_2_GFPl,638.796929,2,987.476955,1,y8,36.78,2,70,4
SAMPEGYVQER,GFP,B15-03039_1:625,638.796929,2,987.476955,1,y8,36.71,194,73,3
SAMPEGYVQER,GFP,B15-03043_1:25,638.796929,2,987.476955,1,y8,36.03,27920,59,2
SAMPEGYVQER,GFP,B15-03044_1:25,638.796929,2,987.476955,1,y8,36.1,29112,425,2
SAMPEGYVQER,GFP,B15-03045_1:5,638.796929,2,987.476955,1,y8,36.1,161082,95,2
SAMPEGYVQER,GFP,B15-03046_1:5,638.796929,2,987.476955,1,y8,36.03,196216,1093,2
SAMPEGYVQER,GFP,B15-03047_1:1,638.796929,2,987.476955,1,y8,34.4,614315,14103,2
SAMPEGYVQER,GFP,B15-03048_1:1,638.796929,2,987.476955,1,y8,34.33,699514,7603,2
SAMPEGYVQER,GFP,B15-03035_WB_2_GFPl,638.796929,2,761.381598,1,y6,37.05,422,75,2
SAMPEGYVQER,GFP,B15-03036_WB_2_GFPl,638.796929,2,761.381598,1,y6,37.32,458,82,2
SAMPEGYVQER,GFP,B15-03037_WB_2_GFPl,638.796929,2,761.381598,1,y6,36.98,304,76,1
SAMPEGYVQER,GFP,B15-03038_1:625,638.796929,2,761.381598,1,y6,36.78,485,68,3
SAMPEGYVQER,GFP,B15-03039_1:625,638.796929,2,761.381598,1,y6,36.51,1116,76,2
SAMPEGYVQER,GFP,B15-03043_1:25,638.796929,2,761.381598,1,y6,36.1,16097,58,3
SAMPEGYVQER,GFP,B15-03044_1:25,638.796929,2,761.381598,1,y6,36.17,17755,97,3
SAMPEGYVQER,GFP,B15-03045_1:5,638.796929,2,761.381598,1,y6,36.1,90739,196,3
SAMPEGYVQER,GFP,B15-03046_1:5,638.796929,2,761.381598,1,y6,35.96,102300,2967,3
SAMPEGYVQER,GFP,B15-03047_1:1,638.796929,2,761.381598,1,y6,34.47,332388,5403,3
SAMPEGYVQER,GFP,B15-03048_1:1,638.796929,2,761.381598,1,y6,34.33,403175,3947,3
SAMPEGYVQER,GFP,B15-03035_WB_2_GFPl,638.796929,2,559.762358,2,y9,36.78,671,74,1
SAMPEGYVQER,GFP,B15-03036_WB_2_GFPl,638.796929,2,559.762358,2,y9,37.05,1360,82,1
SAMPEGYVQER,GFP,B15-03037_WB_2_GFPl,638.796929,2,559.762358,2,y9,37.19,12,70,3
SAMPEGYVQER,GFP,B15-03038_1:625,638.796929,2,559.762358,2,y9,37.46,1449,67,2
SAMPEGYVQER,GFP,B15-03039_1:625,638.796929,2,559.762358,2,y9,36.98,45,73,4
SAMPEGYVQER,GFP,B15-03043_1:25,638.796929,2,559.762358,2,y9,36.03,9168,58,4
SAMPEGYVQER,GFP,B15-03044_1:25,638.796929,2,559.762358,2,y9,36.17,15544,61,4
SAMPEGYVQER,GFP,B15-03045_1:5,638.796929,2,559.762358,2,y9,36.1,56022,74,4
SAMPEGYVQER,GFP,B15-03046_1:5,638.796929,2,559.762358,2,y9,35.96,63854,99,4
SAMPEGYVQER,GFP,B15-03047_1:1,638.796929,2,559.762358,2,y9,34.47,185633,121,4
SAMPEGYVQER,GFP,B15-03048_1:1,638.796929,2,559.762358,2,y9,34.33,220808,97,4
SAMPEGYVQER,GFP,B15-03036_WB_2_GFPl,638.796929,2,494.242115,2,y8,36.58,244,82,3
SAMPEGYVQER,GFP,B15-03037_WB_2_GFPl,638.796929,2,494.242115,2,y8,37.12,258,71,2
SAMPEGYVQER,GFP,B15-03038_1:625,638.796929,2,494.242115,2,y8,36.92,2642,69,1
SAMPEGYVQER,GFP,B15-03039_1:625,638.796929,2,494.242115,2,y8,36.51,4373,75,1
SAMPEGYVQER,GFP,B15-03040_1:125,638.796929,2,494.242115,2,y8,36.3,10397,67,1
SAMPEGYVQER,GFP,B15-03041_1:125,638.796929,2,494.242115,2,y8,36.37,6052,77,1
SAMPEGYVQER,GFP,B15-03043_1:25,638.796929,2,494.242115,2,y8,36.03,45425,52,1
SAMPEGYVQER,GFP,B15-03044_1:25,638.796929,2,494.242115,2,y8,36.17,62754,64,1
SAMPEGYVQER,GFP,B15-03045_1:5,638.796929,2,494.242115,2,y8,36.03,279143,689,1
SAMPEGYVQER,GFP,B15-03046_1:5,638.796929,2,494.242115,2,y8,35.96,320869,3543,1
SAMPEGYVQER,GFP,B15-03047_1:1,638.796929,2,494.242115,2,y8,34.4,968942,27405,1
SAMPEGYVQER,GFP,B15-03048_1:1,638.796929,2,494.242115,2,y8,34.33,1126864,11379,1
LEYNYNSHNVYIMADK,GFP,B15-03040_1:125,658.640247,3,930.9147,2,y15,53.58,143624,320,3
LEYNYNSHNVYIMADK,GFP,B15-03040_1:125,658.640247,3,866.393404,2,y14,53.51,1001661,9999,1
LEYNYNSHNVYIMADK,GFP,B15-03045_1:5,658.640247,3,866.393404,2,y14,41.48,17403,46,2
LEYNYNSHNVYIMADK,GFP,B15-03046_1:5,658.640247,3,866.393404,2,y14,31.68,139043,127,1
LEYNYNSHNVYIMADK,GFP,B15-03047_1:1,658.640247,3,866.393404,2,y14,29.92,439727,1103,1
LEYNYNSHNVYIMADK,GFP,B15-03048_1:1,658.640247,3,866.393404,2,y14,29.78,567455,95,1
LEYNYNSHNVYIMADK,GFP,B15-03040_1:125,658.640247,3,784.86174,2,y13,53.51,153199,111,2
LEYNYNSHNVYIMADK,GFP,B15-03040_1:125,658.640247,3,727.840276,2,y12,53.51,131185,1642,4
LEYNYNSHNVYIMADK,GFP,B15-03045_1:5,658.640247,3,727.840276,2,y12,41.48,49846,44,1
LEYNYNSHNVYIMADK,GFP,B15-03035_WB_2_GFPl,661.311647,3,934.9218,2,y15,37.46,705,28,2
LEYNYNSHNVYIMADK,GFP,B15-03040_1:125,661.311647,3,934.9218,2,y15,53.65,608,54,2
LEYNYNSHNVYIMADK,GFP,B15-03044_1:25,661.311647,3,934.9218,2,y15,36.78,698,29,2
LEYNYNSHNVYIMADK,GFP,B15-03035_WB_2_GFPl,661.311647,3,870.400503,2,y14,37.4,13475,34,1
LEYNYNSHNVYIMADK,GFP,B15-03036_WB_2_GFPl,661.311647,3,870.400503,2,y14,37.26,11973,40,1
LEYNYNSHNVYIMADK,GFP,B15-03037_WB_2_GFPl,661.311647,3,870.400503,2,y14,43.18,2662,31,1
LEYNYNSHNVYIMADK,GFP,B15-03038_1:625,661.311647,3,870.400503,2,y14,37.19,10440,30,1
LEYNYNSHNVYIMADK,GFP,B15-03039_1:625,661.311647,3,870.400503,2,y14,36.85,11660,35,1
LEYNYNSHNVYIMADK,GFP,B15-03040_1:125,661.311647,3,870.400503,2,y14,53.44,2400,53,1
LEYNYNSHNVYIMADK,GFP,B15-03041_1:125,661.311647,3,870.400503,2,y14,36.85,12526,127,1
LEYNYNSHNVYIMADK,GFP,B15-03043_1:25,661.311647,3,870.400503,2,y14,42.56,3489,42,1
LEYNYNSHNVYIMADK,GFP,B15-03044_1:25,661.311647,3,870.400503,2,y14,36.72,11583,28,1
LEYNYNSHNVYIMADK,GFP,B15-03037_WB_2_GFPl,661.311647,3,788.868839,2,y13,43.11,1343,31,2
LEYNYNSHNVYIMADK,GFP,B15-03036_WB_2_GFPl,661.311647,3,731.847375,2,y12,37.33,583,40,2
LEYNYNSHNVYIMADK,GFP,B15-03037_WB_2_GFPl,661.311647,3,731.847375,2,y12,43.04,903,31,3
LEYNYNSHNVYIMADK,GFP,B15-03039_1:625,661.311647,3,731.847375,2,y12,36.99,374,34,2
LEYNYNSHNVYIMADK,GFP,B15-03043_1:25,661.311647,3,731.847375,2,y12,42.5,1155,42,2